Date,SupplierID,MaterialID,Quantity,UnitPrice,TotalCost,DeliveryDelayDays
2025-02-08 07:00:00,SUP02,MAT_02,154,3.85,592.9,1
2025-02-14 13:00:00,SUP05,MAT_02,155,3.79,587.45,0
2025-01-24 12:00:00,SUP02,MAT_04,473,3.33,1575.0900000000001,6
2025-01-13 12:00:00,SUP02,MAT_02,687,3.43,2356.4100000000003,5
2025-01-12 23:00:00,SUP02,MAT_03,930,3.87,3599.1,5
2025-02-02 17:00:00,SUP04,MAT_03,438,3.75,1642.5,4
2025-01-12 04:00:00,SUP02,MAT_02,556,3.12,1734.72,3
2025-02-02 22:00:00,SUP03,MAT_03,454,4.65,2111.1000000000004,1
2025-02-15 05:00:00,SUP02,MAT_01,231,4.0,924.0,5
2025-01-25 04:00:00,SUP03,MAT_04,592,2.62,1551.04,1
2025-02-08 23:00:00,SUP06,MAT_04,653,2.96,1932.8799999999999,4
2025-01-15 17:00:00,SUP05,MAT_02,963,4.36,4198.68,0
2025-02-10 07:00:00,SUP04,MAT_01,209,2.31,482.79,2
2025-01-03 22:00:00,SUP05,MAT_02,681,4.25,2894.25,1
2025-02-04 18:00:00,SUP06,MAT_02,895,3.08,2756.6,4
2025-01-18 04:00:00,SUP05,MAT_03,225,3.66,823.5,4
2025-01-26 11:00:00,SUP04,MAT_04,959,2.84,2723.56,4
2025-02-15 04:00:00,SUP03,MAT_01,395,4.96,1959.2,6
2025-01-26 14:00:00,SUP06,MAT_03,278,4.72,1312.1599999999999,6
2025-01-23 00:00:00,SUP06,MAT_04,909,4.79,4354.11,6
2025-01-08 22:00:00,SUP03,MAT_04,985,2.55,2511.75,2
2025-01-04 05:00:00,SUP03,MAT_02,296,4.53,1340.88,6
2025-02-07 00:00:00,SUP04,MAT_01,872,3.61,3147.92,1
2025-02-09 12:00:00,SUP02,MAT_02,200,4.12,824.0,5
2025-01-01 16:00:00,SUP01,MAT_03,672,2.65,1780.8,4
2025-02-03 22:00:00,SUP02,MAT_02,282,4.14,1167.48,2
2025-01-19 01:00:00,SUP02,MAT_02,908,4.74,4303.92,6
2025-02-14 10:00:00,SUP05,MAT_04,978,2.8,2738.3999999999996,0
2025-02-15 11:00:00,SUP01,MAT_04,108,2.7,291.6,3
2025-01-09 19:00:00,SUP03,MAT_03,512,2.31,1182.72,1
2025-01-09 10:00:00,SUP02,MAT_04,817,2.8,2287.6,2
2025-01-31 05:00:00,SUP04,MAT_04,929,3.61,3353.69,3
2025-01-05 12:00:00,SUP02,MAT_04,665,4.5,2992.5,3
2025-02-10 07:00:00,SUP03,MAT_02,791,2.84,2246.44,6
2025-01-12 19:00:00,SUP02,MAT_01,203,3.86,783.5799999999999,2
2025-02-09 04:00:00,SUP06,MAT_03,225,3.44,774.0,5
2025-01-31 16:00:00,SUP05,MAT_02,645,2.87,1851.15,5
2025-02-17 13:00:00,SUP05,MAT_03,776,3.53,2739.2799999999997,2
2025-02-08 19:00:00,SUP02,MAT_02,909,2.5,2272.5,2
2025-01-26 02:00:00,SUP05,MAT_03,369,3.92,1446.48,4
2025-01-21 10:00:00,SUP04,MAT_04,565,2.35,1327.75,0
2025-01-01 18:00:00,SUP01,MAT_03,900,4.19,3771.0000000000005,5
2025-02-19 22:00:00,SUP02,MAT_01,217,2.53,549.01,4
2025-02-03 08:00:00,SUP04,MAT_03,965,4.99,4815.35,3
2025-02-01 15:00:00,SUP06,MAT_01,191,4.47,853.77,3
2025-02-18 13:00:00,SUP04,MAT_03,711,3.03,2154.33,3
2025-02-08 16:00:00,SUP04,MAT_04,584,3.28,1915.52,2
2025-01-13 09:00:00,SUP06,MAT_03,186,2.78,517.0799999999999,1
2025-01-30 08:00:00,SUP03,MAT_02,333,4.3,1431.8999999999999,4
2025-02-03 22:00:00,SUP02,MAT_04,223,3.14,700.22,1
2025-02-03 10:00:00,SUP02,MAT_04,302,4.27,1289.54,6
2025-01-16 12:00:00,SUP02,MAT_02,131,2.06,269.86,0
2025-02-08 15:00:00,SUP01,MAT_04,456,2.41,1098.96,0
2025-02-09 14:00:00,SUP04,MAT_04,562,3.09,1736.58,4
2025-02-05 03:00:00,SUP02,MAT_02,650,2.33,1514.5,3
2025-02-09 10:00:00,SUP05,MAT_04,193,3.8,733.4,6
2025-01-19 10:00:00,SUP03,MAT_04,621,2.15,1335.1499999999999,5
2025-01-06 21:00:00,SUP06,MAT_04,826,4.58,3783.08,0
2025-01-17 17:00:00,SUP06,MAT_04,507,4.28,2169.96,1
2025-02-04 06:00:00,SUP01,MAT_03,199,2.65,527.35,1
2025-01-10 05:00:00,SUP06,MAT_04,343,3.45,1183.3500000000001,5
2025-01-31 16:00:00,SUP03,MAT_04,157,3.36,527.52,2
2025-02-11 09:00:00,SUP04,MAT_04,456,4.17,1901.52,3
2025-01-05 16:00:00,SUP06,MAT_03,590,3.2,1888.0,2
2025-02-15 13:00:00,SUP06,MAT_01,419,2.1,879.9000000000001,4
2025-01-25 21:00:00,SUP05,MAT_04,118,2.82,332.76,0
2025-02-07 15:00:00,SUP04,MAT_01,456,3.4,1550.3999999999999,5
2025-01-21 04:00:00,SUP02,MAT_01,216,4.92,1062.72,5
2025-01-23 22:00:00,SUP03,MAT_02,235,4.64,1090.3999999999999,5
2025-02-13 01:00:00,SUP06,MAT_02,938,2.54,2382.52,2
2025-01-01 02:00:00,SUP05,MAT_01,395,4.17,1647.1499999999999,2
2025-01-28 13:00:00,SUP03,MAT_03,624,4.81,3001.4399999999996,4
2025-01-03 18:00:00,SUP01,MAT_04,200,2.03,405.99999999999994,1
2025-01-30 08:00:00,SUP05,MAT_04,479,4.16,1992.64,1
2025-02-16 16:00:00,SUP01,MAT_04,254,3.38,858.52,6
2025-01-05 01:00:00,SUP06,MAT_02,693,4.04,2799.72,4
2025-02-15 00:00:00,SUP05,MAT_02,699,3.82,2670.18,5
2025-02-17 02:00:00,SUP02,MAT_04,204,4.95,1009.8000000000001,1
2025-01-04 15:00:00,SUP03,MAT_01,741,2.87,2126.67,4
2025-02-10 11:00:00,SUP03,MAT_02,883,4.36,3849.88,1
2025-01-28 04:00:00,SUP04,MAT_04,625,2.7,1687.5,6
2025-01-28 07:00:00,SUP05,MAT_01,227,3.31,751.37,4
2025-02-07 23:00:00,SUP05,MAT_04,500,4.93,2465.0,1
2025-01-16 10:00:00,SUP01,MAT_02,671,4.3,2885.2999999999997,5
2025-01-16 14:00:00,SUP05,MAT_03,838,2.95,2472.1000000000004,2
2025-01-03 03:00:00,SUP03,MAT_03,628,3.86,2424.08,2
2025-01-02 16:00:00,SUP05,MAT_02,656,2.15,1410.3999999999999,6
2025-02-03 23:00:00,SUP04,MAT_01,649,2.8,1817.1999999999998,5
2025-01-04 18:00:00,SUP04,MAT_04,223,4.16,927.6800000000001,1
2025-01-02 14:00:00,SUP03,MAT_02,459,3.71,1702.8899999999999,5
2025-02-13 04:00:00,SUP03,MAT_01,163,3.41,555.83,4
2025-02-07 11:00:00,SUP03,MAT_04,988,4.07,4021.1600000000003,2
2025-01-26 20:00:00,SUP05,MAT_04,864,3.2,2764.8,0
2025-01-05 07:00:00,SUP05,MAT_02,873,2.08,1815.8400000000001,6
2025-01-31 22:00:00,SUP02,MAT_04,723,3.32,2400.3599999999997,1
2025-01-02 18:00:00,SUP06,MAT_03,201,4.71,946.71,0
2025-01-09 16:00:00,SUP06,MAT_03,660,4.57,3016.2000000000003,0
2025-01-25 23:00:00,SUP01,MAT_04,376,3.23,1214.48,6
2025-01-26 04:00:00,SUP05,MAT_02,326,2.07,674.8199999999999,3
2025-01-20 19:00:00,SUP02,MAT_04,122,3.91,477.02000000000004,0
2025-01-05 12:00:00,SUP02,MAT_02,943,4.22,3979.4599999999996,0
2025-01-09 21:00:00,SUP04,MAT_02,796,2.88,2292.48,5
2025-01-18 00:00:00,SUP05,MAT_03,163,3.43,559.09,3
2025-02-02 02:00:00,SUP02,MAT_03,256,4.98,1274.88,3
2025-01-27 08:00:00,SUP04,MAT_01,894,3.73,3334.62,3
2025-01-04 04:00:00,SUP01,MAT_02,489,3.05,1491.4499999999998,6
2025-01-04 22:00:00,SUP04,MAT_04,248,3.88,962.24,4
2025-01-12 04:00:00,SUP01,MAT_02,938,2.54,2382.52,3
2025-01-16 00:00:00,SUP06,MAT_03,462,2.6,1201.2,5
2025-01-23 01:00:00,SUP06,MAT_02,780,4.77,3720.5999999999995,4
2025-01-29 10:00:00,SUP03,MAT_01,563,2.72,1531.3600000000001,1
2025-01-07 17:00:00,SUP03,MAT_04,744,2.93,2179.92,4
2025-01-20 08:00:00,SUP04,MAT_02,498,3.63,1807.74,1
2025-02-04 06:00:00,SUP03,MAT_04,504,4.7,2368.8,3
2025-01-23 19:00:00,SUP05,MAT_04,925,4.34,4014.5,3
2025-01-03 03:00:00,SUP04,MAT_03,231,2.13,492.03,1
2025-01-21 07:00:00,SUP02,MAT_02,296,4.08,1207.68,2
2025-01-04 19:00:00,SUP05,MAT_04,746,3.51,2618.46,5
2025-01-28 02:00:00,SUP04,MAT_03,134,3.43,459.62,4
2025-01-15 20:00:00,SUP06,MAT_01,519,4.07,2112.33,5
2025-01-30 22:00:00,SUP01,MAT_01,476,2.59,1232.84,5
2025-02-18 15:00:00,SUP03,MAT_02,498,4.94,2460.1200000000003,0
2025-01-09 06:00:00,SUP03,MAT_04,319,3.94,1256.86,3
2025-02-03 22:00:00,SUP03,MAT_02,997,3.1,3090.7000000000003,4
2025-01-10 00:00:00,SUP04,MAT_04,987,3.8,3750.6,5
2025-01-24 03:00:00,SUP05,MAT_03,796,2.65,2109.4,4
2025-02-03 10:00:00,SUP01,MAT_01,616,3.9,2402.4,5
2025-01-30 04:00:00,SUP03,MAT_01,682,2.08,1418.56,3
2025-01-21 22:00:00,SUP05,MAT_01,441,3.02,1331.82,5
2025-01-20 12:00:00,SUP02,MAT_01,852,4.24,3612.48,1
2025-01-16 05:00:00,SUP06,MAT_02,962,4.42,4252.04,3
2025-01-26 23:00:00,SUP02,MAT_04,515,2.76,1421.3999999999999,4
2025-02-08 07:00:00,SUP01,MAT_02,555,3.62,2009.1000000000001,6
2025-01-24 08:00:00,SUP03,MAT_03,396,3.59,1421.6399999999999,2
2025-02-04 06:00:00,SUP02,MAT_01,430,3.26,1401.8,5
2025-02-10 06:00:00,SUP06,MAT_04,804,2.69,2162.7599999999998,1
2025-01-28 14:00:00,SUP05,MAT_02,779,4.11,3201.69,3
2025-02-01 06:00:00,SUP05,MAT_04,438,2.76,1208.8799999999999,0
2025-02-15 18:00:00,SUP02,MAT_02,847,4.73,4006.3100000000004,6
2025-02-16 17:00:00,SUP03,MAT_04,905,3.59,3248.95,6
2025-01-16 22:00:00,SUP06,MAT_04,397,4.61,1830.17,3
2025-01-13 20:00:00,SUP01,MAT_01,859,2.87,2465.33,6
2025-01-08 07:00:00,SUP03,MAT_02,776,4.42,3429.92,4
2025-01-10 11:00:00,SUP04,MAT_03,411,2.34,961.7399999999999,4
2025-01-15 10:00:00,SUP02,MAT_04,682,4.3,2932.6,0
2025-02-12 12:00:00,SUP04,MAT_03,842,3.16,2660.7200000000003,1
2025-01-15 13:00:00,SUP02,MAT_01,154,3.41,525.14,4
2025-01-19 22:00:00,SUP01,MAT_03,793,2.5,1982.5,1
2025-01-19 08:00:00,SUP03,MAT_04,633,2.06,1303.98,1
2025-02-01 16:00:00,SUP06,MAT_04,894,4.0,3576.0,3
2025-01-22 10:00:00,SUP03,MAT_04,204,3.76,767.04,1
2025-02-16 00:00:00,SUP02,MAT_02,274,3.87,1060.38,5
2025-01-12 23:00:00,SUP05,MAT_03,393,2.77,1088.61,4
2025-01-01 07:00:00,SUP04,MAT_02,979,2.72,2662.88,4
2025-01-04 14:00:00,SUP06,MAT_04,650,4.49,2918.5,2
2025-02-11 13:00:00,SUP06,MAT_04,474,4.28,2028.72,6
2025-01-12 21:00:00,SUP03,MAT_01,549,3.01,1652.4899999999998,1
2025-01-04 01:00:00,SUP03,MAT_01,544,3.91,2127.04,2
2025-02-17 18:00:00,SUP02,MAT_04,159,4.48,712.32,3
2025-02-03 13:00:00,SUP05,MAT_02,491,4.67,2292.97,2
2025-02-18 14:00:00,SUP04,MAT_02,911,2.02,1840.22,6
2025-01-07 13:00:00,SUP05,MAT_04,910,4.44,4040.4000000000005,1
2025-01-18 21:00:00,SUP06,MAT_03,489,3.05,1491.4499999999998,6
2025-02-17 04:00:00,SUP05,MAT_02,311,4.16,1293.76,4
2025-02-05 05:00:00,SUP02,MAT_04,766,3.11,2382.2599999999998,3
2025-01-02 11:00:00,SUP05,MAT_01,784,3.82,2994.8799999999997,1
2025-02-16 09:00:00,SUP04,MAT_04,634,3.94,2497.96,3
2025-02-12 12:00:00,SUP06,MAT_02,339,3.21,1088.19,0
2025-02-10 13:00:00,SUP01,MAT_04,587,3.54,2077.98,1
2025-02-12 09:00:00,SUP06,MAT_03,820,4.18,3427.6,0
2025-01-30 16:00:00,SUP01,MAT_03,221,3.43,758.0300000000001,2
2025-02-14 13:00:00,SUP04,MAT_02,352,2.04,718.08,1
2025-01-21 07:00:00,SUP06,MAT_04,240,2.04,489.6,0
2025-01-26 18:00:00,SUP06,MAT_03,551,3.98,2192.98,5
2025-01-08 01:00:00,SUP06,MAT_03,951,4.54,4317.54,4
2025-01-07 01:00:00,SUP06,MAT_01,973,4.36,4242.280000000001,2
2025-02-06 03:00:00,SUP02,MAT_02,931,2.93,2727.83,1
2025-01-18 11:00:00,SUP03,MAT_01,252,3.41,859.32,1
2025-01-24 20:00:00,SUP06,MAT_01,992,2.7,2678.4,4
2025-02-12 18:00:00,SUP02,MAT_03,825,4.97,4100.25,4
2025-02-03 06:00:00,SUP04,MAT_04,407,2.78,1131.4599999999998,6
2025-01-14 08:00:00,SUP06,MAT_01,659,3.25,2141.75,0
2025-01-11 05:00:00,SUP05,MAT_02,416,4.04,1680.64,0
2025-01-20 20:00:00,SUP06,MAT_02,628,4.63,2907.64,0
2025-02-16 12:00:00,SUP06,MAT_04,395,2.15,849.25,6
2025-02-02 14:00:00,SUP01,MAT_02,942,2.9,2731.7999999999997,3
2025-01-23 04:00:00,SUP05,MAT_01,444,3.71,1647.24,2
2025-01-10 20:00:00,SUP06,MAT_04,680,3.85,2618.0,1
2025-02-18 12:00:00,SUP06,MAT_02,696,2.21,1538.16,2
2025-02-10 14:00:00,SUP06,MAT_02,381,3.99,1520.19,4
2025-01-29 06:00:00,SUP02,MAT_01,307,3.58,1099.06,5
2025-01-25 02:00:00,SUP04,MAT_01,651,4.48,2916.4800000000005,2
2025-01-06 09:00:00,SUP01,MAT_01,195,2.67,520.65,2
2025-01-01 10:00:00,SUP06,MAT_01,551,2.59,1427.09,0
2025-01-11 16:00:00,SUP04,MAT_04,861,4.38,3771.18,4
2025-02-03 23:00:00,SUP01,MAT_04,472,4.11,1939.92,2
2025-01-16 08:00:00,SUP01,MAT_04,747,4.38,3271.86,1
2025-02-09 07:00:00,SUP01,MAT_03,172,4.35,748.1999999999999,0
2025-02-06 17:00:00,SUP06,MAT_01,912,2.31,2106.7200000000003,6
2025-01-01 18:00:00,SUP02,MAT_01,884,2.84,2510.56,2
2025-01-05 13:00:00,SUP06,MAT_04,780,2.78,2168.3999999999996,4
2025-01-22 00:00:00,SUP06,MAT_02,432,4.8,2073.6,5
2025-02-14 01:00:00,SUP04,MAT_02,492,3.46,1702.32,1
2025-02-11 18:00:00,SUP03,MAT_01,809,2.33,1884.97,5
2025-01-11 14:00:00,SUP03,MAT_01,958,2.87,2749.46,4
2025-01-27 13:00:00,SUP03,MAT_04,205,4.62,947.1,4
2025-01-06 13:00:00,SUP04,MAT_01,200,4.54,908.0,4
2025-01-21 18:00:00,SUP05,MAT_02,458,4.7,2152.6,5
2025-01-17 12:00:00,SUP04,MAT_02,846,3.17,2681.82,3
2025-01-27 22:00:00,SUP01,MAT_01,891,3.92,3492.72,1
2025-01-29 12:00:00,SUP06,MAT_04,428,2.83,1211.24,4
2025-01-01 18:00:00,SUP05,MAT_04,988,2.54,2509.52,3
2025-02-12 02:00:00,SUP01,MAT_02,717,2.07,1484.1899999999998,0
2025-01-05 22:00:00,SUP06,MAT_04,494,2.67,1318.98,3
2025-01-13 13:00:00,SUP06,MAT_02,134,3.81,510.54,0
2025-01-10 10:00:00,SUP01,MAT_01,256,4.71,1205.76,5
2025-01-15 19:00:00,SUP04,MAT_02,372,2.4,892.8,6
2025-01-30 04:00:00,SUP03,MAT_01,495,4.75,2351.25,6
2025-01-21 06:00:00,SUP05,MAT_04,851,3.04,2587.04,3
2025-01-10 06:00:00,SUP06,MAT_03,306,3.28,1003.68,5
2025-02-11 10:00:00,SUP02,MAT_03,856,3.09,2645.04,4
2025-01-21 19:00:00,SUP06,MAT_03,704,3.23,2273.92,3
2025-02-13 13:00:00,SUP03,MAT_02,720,2.78,2001.6,3
2025-02-17 22:00:00,SUP06,MAT_03,405,4.1,1660.4999999999998,4
2025-01-16 04:00:00,SUP02,MAT_02,725,4.27,3095.7499999999995,0
2025-02-14 11:00:00,SUP04,MAT_04,635,4.47,2838.45,4
2025-01-22 14:00:00,SUP06,MAT_01,904,3.02,2730.08,1
2025-02-17 23:00:00,SUP05,MAT_03,561,4.29,2406.69,6
2025-02-18 01:00:00,SUP04,MAT_02,351,3.91,1372.41,6
2025-01-23 00:00:00,SUP02,MAT_04,366,4.87,1782.42,3
2025-01-08 17:00:00,SUP01,MAT_04,966,3.27,3158.82,1
2025-02-03 05:00:00,SUP06,MAT_03,308,4.98,1533.8400000000001,4
2025-02-10 21:00:00,SUP04,MAT_04,666,4.22,2810.52,6
2025-01-15 11:00:00,SUP06,MAT_04,638,4.33,2762.54,5
2025-02-08 09:00:00,SUP05,MAT_04,934,2.08,1942.72,4
2025-02-08 08:00:00,SUP06,MAT_02,602,3.49,2100.98,2
2025-02-09 20:00:00,SUP04,MAT_04,613,3.59,2200.67,1
2025-01-16 00:00:00,SUP03,MAT_04,679,2.12,1439.48,6
2025-01-08 13:00:00,SUP04,MAT_04,247,2.94,726.18,2
2025-01-05 00:00:00,SUP02,MAT_04,930,4.87,4529.1,1
2025-01-24 10:00:00,SUP04,MAT_04,939,3.28,3079.9199999999996,5
2025-01-14 01:00:00,SUP05,MAT_02,741,2.56,1896.96,2
2025-02-09 18:00:00,SUP04,MAT_04,182,3.54,644.28,2
2025-01-01 20:00:00,SUP04,MAT_04,141,2.1,296.1,1
2025-02-03 12:00:00,SUP05,MAT_01,255,3.55,905.25,4
2025-01-24 23:00:00,SUP04,MAT_04,768,3.78,2903.04,0
2025-01-17 18:00:00,SUP05,MAT_04,552,3.07,1694.6399999999999,4
2025-02-17 19:00:00,SUP02,MAT_02,718,4.29,3080.22,0
2025-01-26 12:00:00,SUP05,MAT_04,383,2.41,923.0300000000001,1
2025-02-17 14:00:00,SUP02,MAT_02,287,4.63,1328.81,3
2025-02-10 09:00:00,SUP02,MAT_03,716,4.87,3486.92,4
2025-01-29 20:00:00,SUP05,MAT_04,723,2.0,1446.0,2
2025-02-09 22:00:00,SUP04,MAT_01,573,4.53,2595.69,4
2025-02-06 07:00:00,SUP06,MAT_02,606,3.52,2133.12,1
2025-02-04 23:00:00,SUP03,MAT_03,232,3.38,784.16,3
2025-01-05 06:00:00,SUP06,MAT_01,370,2.72,1006.4000000000001,3
2025-01-14 20:00:00,SUP05,MAT_02,721,3.34,2408.14,4
2025-02-18 01:00:00,SUP04,MAT_03,172,4.85,834.1999999999999,4
2025-02-01 08:00:00,SUP02,MAT_01,535,2.63,1407.05,5
2025-01-06 13:00:00,SUP01,MAT_04,957,2.54,2430.78,4
2025-02-19 04:00:00,SUP03,MAT_01,392,2.73,1070.16,1
2025-01-18 16:00:00,SUP06,MAT_01,754,3.66,2759.6400000000003,0
2025-02-09 00:00:00,SUP04,MAT_01,871,4.79,4172.09,5
2025-01-22 00:00:00,SUP03,MAT_02,856,3.72,3184.32,0
2025-02-06 06:00:00,SUP01,MAT_04,536,2.73,1463.28,2
2025-01-08 21:00:00,SUP01,MAT_04,951,3.32,3157.3199999999997,6
2025-01-26 11:00:00,SUP01,MAT_02,766,3.17,2428.22,1
2025-01-03 03:00:00,SUP06,MAT_01,760,2.14,1626.4,5
2025-01-26 11:00:00,SUP05,MAT_04,159,3.53,561.27,3
2025-01-16 13:00:00,SUP03,MAT_01,697,2.38,1658.86,5
2025-01-16 14:00:00,SUP05,MAT_04,803,4.53,3637.59,2
2025-01-17 04:00:00,SUP01,MAT_02,426,3.65,1554.8999999999999,3
2025-01-29 01:00:00,SUP04,MAT_03,281,4.53,1272.93,5
2025-02-03 11:00:00,SUP01,MAT_01,898,4.87,4373.26,3
2025-01-17 19:00:00,SUP05,MAT_04,884,4.83,4269.72,4
2025-01-25 16:00:00,SUP01,MAT_04,866,2.3,1991.8,3
2025-01-31 11:00:00,SUP01,MAT_04,533,4.83,2574.39,5
2025-01-22 00:00:00,SUP05,MAT_02,618,4.39,2713.02,3
2025-01-04 10:00:00,SUP05,MAT_02,737,4.33,3191.21,1
2025-01-14 06:00:00,SUP04,MAT_03,182,2.27,413.14,4
2025-02-15 10:00:00,SUP05,MAT_02,127,2.54,322.58,4
2025-01-18 05:00:00,SUP04,MAT_01,365,4.93,1799.4499999999998,2
2025-01-19 20:00:00,SUP02,MAT_02,382,2.64,1008.48,4
2025-02-01 01:00:00,SUP02,MAT_04,496,2.51,1244.9599999999998,0
2025-01-09 05:00:00,SUP05,MAT_01,862,3.09,2663.58,1
2025-01-11 18:00:00,SUP01,MAT_02,799,4.74,3787.26,2
2025-01-13 09:00:00,SUP03,MAT_01,482,3.43,1653.26,0
2025-01-13 11:00:00,SUP01,MAT_01,910,4.76,4331.599999999999,3
2025-01-06 08:00:00,SUP05,MAT_02,680,3.0,2040.0,6
2025-01-21 17:00:00,SUP04,MAT_01,418,2.68,1120.24,0
2025-01-19 05:00:00,SUP01,MAT_04,937,3.49,3270.13,2
2025-01-09 14:00:00,SUP02,MAT_04,710,3.85,2733.5,4
2025-01-13 05:00:00,SUP06,MAT_02,292,3.17,925.64,1
2025-01-02 04:00:00,SUP05,MAT_02,326,3.04,991.04,6
2025-01-08 10:00:00,SUP01,MAT_04,550,2.65,1457.5,2
2025-01-02 16:00:00,SUP06,MAT_02,281,2.83,795.23,0
2025-01-15 07:00:00,SUP01,MAT_04,426,4.02,1712.5199999999998,6
2025-02-03 23:00:00,SUP04,MAT_01,704,3.11,2189.44,0
2025-01-31 16:00:00,SUP04,MAT_02,754,2.24,1688.9600000000003,2
2025-01-27 01:00:00,SUP04,MAT_03,302,2.41,727.82,6
2025-01-12 13:00:00,SUP06,MAT_04,501,3.12,1563.1200000000001,5
2025-01-23 00:00:00,SUP03,MAT_04,743,4.77,3544.1099999999997,5
2025-01-04 13:00:00,SUP06,MAT_01,571,3.14,1792.94,2
2025-01-14 04:00:00,SUP05,MAT_03,878,2.18,1914.0400000000002,5
2025-01-29 20:00:00,SUP05,MAT_03,745,3.25,2421.25,2
2025-02-05 22:00:00,SUP02,MAT_03,989,4.01,3965.89,4
2025-02-18 16:00:00,SUP02,MAT_04,278,3.78,1050.84,6
2025-01-14 02:00:00,SUP05,MAT_04,797,2.84,2263.48,2
2025-01-10 08:00:00,SUP01,MAT_03,117,4.06,475.02,3
2025-02-14 21:00:00,SUP05,MAT_02,562,3.89,2186.1800000000003,1
2025-01-03 19:00:00,SUP03,MAT_03,934,2.52,2353.68,1
2025-02-12 12:00:00,SUP02,MAT_01,708,2.49,1762.92,3
2025-02-15 20:00:00,SUP02,MAT_03,645,3.64,2347.8,0
2025-02-05 15:00:00,SUP06,MAT_03,502,3.98,1997.96,0
2025-02-19 02:00:00,SUP02,MAT_03,492,4.89,2405.8799999999997,0
2025-02-15 15:00:00,SUP05,MAT_02,399,3.27,1304.73,6
2025-02-06 18:00:00,SUP02,MAT_03,450,4.29,1930.5,0
2025-02-17 00:00:00,SUP02,MAT_03,286,2.35,672.1,4
2025-02-10 10:00:00,SUP06,MAT_04,446,4.67,2082.82,3
2025-02-16 14:00:00,SUP05,MAT_03,722,3.9,2815.7999999999997,1
2025-02-17 23:00:00,SUP01,MAT_01,508,3.89,1976.1200000000001,3
2025-01-09 07:00:00,SUP02,MAT_04,858,2.43,2084.94,1
2025-01-14 19:00:00,SUP02,MAT_02,170,2.12,360.40000000000003,0
2025-01-23 18:00:00,SUP02,MAT_04,920,4.1,3771.9999999999995,4
2025-01-03 17:00:00,SUP03,MAT_02,426,2.35,1001.1,2
2025-01-31 10:00:00,SUP05,MAT_02,311,2.38,740.18,2
2025-01-24 15:00:00,SUP02,MAT_01,408,2.56,1044.48,5
2025-01-28 08:00:00,SUP03,MAT_03,207,2.29,474.03000000000003,0
2025-01-17 19:00:00,SUP01,MAT_01,276,3.88,1070.8799999999999,0
2025-01-26 17:00:00,SUP01,MAT_04,526,3.27,1720.02,3
2025-01-25 19:00:00,SUP06,MAT_02,839,2.8,2349.2,4
2025-01-27 23:00:00,SUP06,MAT_04,630,3.32,2091.6,4
2025-01-07 01:00:00,SUP06,MAT_02,933,4.53,4226.49,3
2025-02-01 16:00:00,SUP03,MAT_04,517,4.78,2471.26,4
2025-01-06 04:00:00,SUP01,MAT_02,347,3.46,1200.62,6
2025-01-20 23:00:00,SUP06,MAT_01,308,3.7,1139.6000000000001,6
2025-02-11 17:00:00,SUP04,MAT_02,315,2.77,872.55,4
2025-01-30 15:00:00,SUP06,MAT_03,812,3.54,2874.48,6
2025-01-30 18:00:00,SUP01,MAT_01,537,4.24,2276.88,2
2025-02-03 22:00:00,SUP04,MAT_03,868,3.48,3020.64,4
2025-02-13 21:00:00,SUP03,MAT_04,717,2.91,2086.4700000000003,6
2025-01-03 07:00:00,SUP04,MAT_04,410,3.75,1537.5,0
2025-01-06 11:00:00,SUP01,MAT_02,882,4.84,4268.88,2
2025-01-10 14:00:00,SUP02,MAT_02,482,4.66,2246.12,0
2025-01-17 10:00:00,SUP04,MAT_04,370,4.31,1594.6999999999998,0
2025-02-18 23:00:00,SUP01,MAT_01,220,2.83,622.6,6
2025-02-10 21:00:00,SUP06,MAT_03,506,2.72,1376.3200000000002,6
2025-02-10 02:00:00,SUP02,MAT_04,344,4.52,1554.8799999999999,3
2025-02-08 20:00:00,SUP03,MAT_01,165,2.54,419.1,5
2025-02-07 19:00:00,SUP03,MAT_03,327,3.82,1249.1399999999999,4
2025-01-23 04:00:00,SUP05,MAT_02,981,3.32,3256.9199999999996,4
2025-02-10 04:00:00,SUP03,MAT_01,236,3.4,802.4,4
2025-01-19 15:00:00,SUP05,MAT_01,293,3.36,984.48,4
2025-01-06 05:00:00,SUP03,MAT_04,805,4.7,3783.5,6
2025-01-24 02:00:00,SUP03,MAT_03,757,2.26,1710.82,2
2025-01-29 21:00:00,SUP03,MAT_04,756,4.35,3288.6,1
2025-01-21 08:00:00,SUP05,MAT_02,588,4.51,2651.8799999999997,0
2025-01-26 11:00:00,SUP06,MAT_02,683,4.83,3298.89,5
2025-02-07 02:00:00,SUP05,MAT_03,453,3.36,1522.08,5
2025-01-19 13:00:00,SUP04,MAT_03,803,3.5,2810.5,1
2025-01-22 03:00:00,SUP01,MAT_03,655,4.88,3196.4,1
2025-01-20 00:00:00,SUP01,MAT_04,256,3.38,865.28,1
2025-02-11 01:00:00,SUP06,MAT_03,575,3.51,2018.2499999999998,6
2025-01-17 00:00:00,SUP01,MAT_03,115,3.0,345.0,2
2025-01-30 15:00:00,SUP03,MAT_04,177,2.09,369.92999999999995,1
2025-02-08 16:00:00,SUP06,MAT_02,151,3.3,498.29999999999995,2
2025-02-17 10:00:00,SUP01,MAT_02,613,3.97,2433.61,6
2025-01-19 19:00:00,SUP05,MAT_01,603,4.07,2454.21,3
2025-01-28 05:00:00,SUP04,MAT_02,843,2.02,1702.8600000000001,3
2025-02-17 14:00:00,SUP02,MAT_03,160,4.4,704.0,5
2025-02-16 12:00:00,SUP04,MAT_02,231,3.48,803.88,3
2025-01-22 16:00:00,SUP01,MAT_04,481,3.56,1712.3600000000001,2
2025-01-23 09:00:00,SUP06,MAT_02,663,4.89,3242.0699999999997,2
2025-01-07 00:00:00,SUP01,MAT_02,908,2.85,2587.8,0
2025-02-15 11:00:00,SUP05,MAT_01,791,4.28,3385.48,1
2025-01-30 03:00:00,SUP04,MAT_01,642,3.72,2388.2400000000002,4
2025-01-06 10:00:00,SUP05,MAT_03,509,4.1,2086.8999999999996,4
2025-01-31 12:00:00,SUP05,MAT_04,254,3.25,825.5,1
2025-01-22 08:00:00,SUP02,MAT_03,732,2.84,2078.88,4
2025-01-27 15:00:00,SUP05,MAT_04,150,3.64,546.0,4
2025-01-01 00:00:00,SUP05,MAT_04,194,3.12,605.28,6
2025-01-18 23:00:00,SUP02,MAT_01,787,2.67,2101.29,4
2025-01-17 06:00:00,SUP03,MAT_02,622,4.52,2811.4399999999996,5
2025-01-17 14:00:00,SUP03,MAT_02,623,3.43,2136.89,2
2025-02-03 15:00:00,SUP06,MAT_01,454,4.54,2061.16,2
2025-01-17 10:00:00,SUP02,MAT_03,144,3.42,492.48,2
2025-02-09 15:00:00,SUP06,MAT_02,901,3.67,3306.67,1
2025-01-08 05:00:00,SUP06,MAT_03,304,4.99,1516.96,3
2025-02-14 12:00:00,SUP05,MAT_02,830,4.85,4025.4999999999995,5
2025-02-05 14:00:00,SUP06,MAT_03,939,2.82,2647.98,5
2025-02-18 12:00:00,SUP01,MAT_04,530,4.61,2443.3,4
2025-01-23 10:00:00,SUP04,MAT_04,355,3.17,1125.35,0
2025-02-01 00:00:00,SUP01,MAT_02,347,2.21,766.87,2
2025-01-31 00:00:00,SUP01,MAT_03,632,3.73,2357.36,6
2025-01-03 01:00:00,SUP05,MAT_03,140,4.93,690.1999999999999,5
2025-02-15 04:00:00,SUP04,MAT_04,558,4.92,2745.36,5
2025-01-11 02:00:00,SUP06,MAT_03,889,2.38,2115.8199999999997,0
2025-02-18 11:00:00,SUP04,MAT_01,376,4.31,1620.56,4
2025-02-19 04:00:00,SUP06,MAT_03,294,4.41,1296.54,5
2025-01-25 20:00:00,SUP03,MAT_04,170,3.11,528.6999999999999,5
2025-01-12 11:00:00,SUP02,MAT_01,369,3.98,1468.62,3
2025-02-13 22:00:00,SUP05,MAT_01,434,3.46,1501.6399999999999,0
2025-01-01 07:00:00,SUP06,MAT_03,684,2.68,1833.1200000000001,6
2025-01-30 18:00:00,SUP06,MAT_04,407,4.28,1741.96,6
2025-01-02 08:00:00,SUP04,MAT_04,526,2.79,1467.54,4
2025-02-03 17:00:00,SUP05,MAT_04,298,3.02,899.96,4
2025-02-08 15:00:00,SUP06,MAT_01,175,2.57,449.75,2
2025-02-05 21:00:00,SUP03,MAT_04,886,4.16,3685.76,3
2025-01-02 12:00:00,SUP01,MAT_01,894,3.38,3021.72,4
2025-01-02 09:00:00,SUP06,MAT_01,757,3.33,2520.81,3
2025-01-19 22:00:00,SUP04,MAT_02,624,3.81,2377.44,2
2025-01-19 11:00:00,SUP03,MAT_03,974,2.47,2405.78,6
2025-01-09 19:00:00,SUP05,MAT_04,740,4.69,3470.6000000000004,0
2025-02-18 11:00:00,SUP06,MAT_01,329,3.4,1118.6,5
2025-01-30 05:00:00,SUP03,MAT_03,184,3.1,570.4,5
2025-01-26 07:00:00,SUP03,MAT_01,261,2.38,621.18,1
2025-02-10 21:00:00,SUP03,MAT_03,496,2.5,1240.0,1
2025-01-16 00:00:00,SUP03,MAT_01,976,4.76,4645.76,1
2025-01-13 15:00:00,SUP03,MAT_04,470,3.37,1583.9,5
2025-01-13 07:00:00,SUP03,MAT_02,662,4.17,2760.54,3
2025-01-07 07:00:00,SUP02,MAT_02,314,2.24,703.36,1
2025-01-25 23:00:00,SUP05,MAT_02,100,3.93,393.0,0
2025-01-09 18:00:00,SUP01,MAT_01,476,4.76,2265.7599999999998,4
2025-01-10 15:00:00,SUP05,MAT_03,511,2.9,1481.8999999999999,3
2025-02-06 05:00:00,SUP04,MAT_04,734,3.74,2745.1600000000003,5
2025-01-29 22:00:00,SUP04,MAT_04,899,4.82,4333.18,0
2025-01-16 06:00:00,SUP05,MAT_01,299,4.16,1243.8400000000001,6
2025-01-21 00:00:00,SUP03,MAT_02,282,2.19,617.58,5
2025-01-24 19:00:00,SUP02,MAT_01,509,3.14,1598.26,3
2025-02-08 17:00:00,SUP01,MAT_03,497,2.26,1123.2199999999998,3
2025-02-13 07:00:00,SUP06,MAT_02,315,4.58,1442.7,3
2025-01-20 09:00:00,SUP06,MAT_01,851,3.86,3284.8599999999997,2
2025-01-13 05:00:00,SUP03,MAT_03,448,4.87,2181.76,4
2025-01-08 02:00:00,SUP05,MAT_02,679,2.06,1398.74,1
2025-02-13 23:00:00,SUP06,MAT_04,930,3.27,3041.1,2
2025-01-11 22:00:00,SUP05,MAT_03,693,2.31,1600.83,4
2025-01-24 05:00:00,SUP02,MAT_04,753,3.05,2296.65,5
2025-01-08 20:00:00,SUP02,MAT_03,140,2.49,348.6,1
2025-02-02 17:00:00,SUP05,MAT_02,850,2.99,2541.5,6
2025-01-25 06:00:00,SUP03,MAT_01,102,4.46,454.92,2
2025-02-11 17:00:00,SUP03,MAT_01,193,2.48,478.64,2
2025-01-25 23:00:00,SUP03,MAT_01,158,3.42,540.36,0
2025-02-05 05:00:00,SUP06,MAT_01,839,4.76,3993.64,6
2025-01-15 05:00:00,SUP01,MAT_03,506,5.0,2530.0,6
2025-02-09 17:00:00,SUP01,MAT_01,117,2.75,321.75,2
2025-01-01 21:00:00,SUP03,MAT_01,593,4.81,2852.33,3
2025-02-15 17:00:00,SUP05,MAT_03,850,2.78,2363.0,5
2025-01-07 21:00:00,SUP02,MAT_03,971,3.24,3146.0400000000004,6
2025-01-10 17:00:00,SUP04,MAT_02,607,4.63,2810.41,2
2025-01-27 16:00:00,SUP02,MAT_03,685,4.36,2986.6000000000004,3
2025-01-26 06:00:00,SUP02,MAT_04,987,4.57,4510.59,4
2025-01-23 11:00:00,SUP04,MAT_02,431,4.4,1896.4,4
2025-02-14 02:00:00,SUP03,MAT_02,268,2.71,726.28,6
2025-01-14 05:00:00,SUP02,MAT_01,875,3.68,3220.0,3
2025-01-15 06:00:00,SUP04,MAT_01,771,3.16,2436.36,0
2025-02-10 18:00:00,SUP06,MAT_04,948,3.38,3204.24,0
2025-01-27 12:00:00,SUP05,MAT_01,780,2.46,1918.8,4
2025-01-04 06:00:00,SUP05,MAT_03,305,2.95,899.75,5
2025-02-07 04:00:00,SUP05,MAT_03,968,4.57,4423.76,2
2025-01-24 20:00:00,SUP03,MAT_01,620,4.69,2907.8,6
2025-01-19 16:00:00,SUP02,MAT_01,604,3.83,2313.32,6
2025-01-12 17:00:00,SUP02,MAT_03,445,3.49,1553.0500000000002,4
2025-01-29 02:00:00,SUP01,MAT_02,403,4.14,1668.4199999999998,4
2025-01-03 08:00:00,SUP05,MAT_04,214,3.83,819.62,3
2025-01-08 22:00:00,SUP03,MAT_04,763,4.95,3776.85,0
2025-01-27 19:00:00,SUP04,MAT_02,186,2.57,478.02,5
2025-01-02 17:00:00,SUP03,MAT_04,194,3.35,649.9,3
2025-02-19 20:00:00,SUP02,MAT_01,842,4.75,3999.5,4
2025-01-29 06:00:00,SUP05,MAT_01,527,4.74,2497.98,1
2025-01-21 21:00:00,SUP01,MAT_01,797,3.49,2781.53,2
2025-02-02 21:00:00,SUP06,MAT_04,549,2.4,1317.6,4
2025-02-01 05:00:00,SUP03,MAT_02,725,4.44,3219.0000000000005,3
2025-01-31 21:00:00,SUP01,MAT_01,885,3.76,3327.6,1
2025-01-07 20:00:00,SUP02,MAT_02,640,4.32,2764.8,1
2025-02-01 10:00:00,SUP04,MAT_03,814,3.39,2759.46,4
2025-01-04 17:00:00,SUP03,MAT_03,101,2.61,263.61,5
2025-02-11 02:00:00,SUP06,MAT_03,177,2.07,366.39,0
2025-02-15 01:00:00,SUP02,MAT_04,423,3.68,1556.64,1
2025-01-27 23:00:00,SUP05,MAT_04,842,2.48,2088.16,6
2025-02-01 05:00:00,SUP03,MAT_01,197,2.56,504.32,2
2025-02-04 02:00:00,SUP01,MAT_03,728,3.31,2409.68,3
2025-01-11 02:00:00,SUP03,MAT_02,209,3.33,695.97,3
2025-01-28 14:00:00,SUP02,MAT_04,778,2.82,2193.96,3
2025-02-05 17:00:00,SUP02,MAT_02,556,2.4,1334.3999999999999,6
2025-01-10 02:00:00,SUP01,MAT_02,587,4.83,2835.21,4
2025-01-01 08:00:00,SUP06,MAT_01,908,2.39,2170.12,3
2025-01-18 21:00:00,SUP02,MAT_01,470,3.05,1433.5,6
2025-01-01 12:00:00,SUP03,MAT_02,436,2.91,1268.76,3
2025-02-07 18:00:00,SUP06,MAT_02,989,4.6,4549.4,2
2025-02-10 09:00:00,SUP01,MAT_02,698,3.23,2254.54,6
2025-01-29 17:00:00,SUP02,MAT_02,121,2.37,286.77000000000004,0
2025-02-15 10:00:00,SUP02,MAT_03,821,2.03,1666.6299999999999,5
2025-01-29 04:00:00,SUP03,MAT_02,404,4.17,1684.68,4
2025-01-08 15:00:00,SUP02,MAT_04,371,4.14,1535.9399999999998,4
2025-02-11 20:00:00,SUP03,MAT_01,589,3.25,1914.25,3
2025-01-09 15:00:00,SUP05,MAT_04,935,2.38,2225.2999999999997,2
2025-01-22 23:00:00,SUP06,MAT_01,545,3.11,1694.95,1
2025-02-04 01:00:00,SUP03,MAT_01,377,3.77,1421.29,6
2025-02-11 18:00:00,SUP04,MAT_01,750,4.11,3082.5000000000005,3
2025-01-19 22:00:00,SUP02,MAT_04,952,2.23,2122.96,6
2025-02-07 13:00:00,SUP05,MAT_01,476,3.67,1746.92,3
2025-01-11 03:00:00,SUP06,MAT_02,331,2.83,936.73,4
2025-02-02 02:00:00,SUP01,MAT_02,844,3.85,3249.4,4
2025-01-10 21:00:00,SUP04,MAT_03,691,3.94,2722.54,3
2025-01-15 08:00:00,SUP01,MAT_03,525,4.73,2483.25,4
2025-01-13 21:00:00,SUP04,MAT_03,154,3.23,497.42,2
2025-01-02 13:00:00,SUP05,MAT_02,902,3.61,3256.22,1
2025-01-02 07:00:00,SUP06,MAT_04,540,2.8,1512.0,1
2025-01-13 03:00:00,SUP05,MAT_03,133,2.86,380.38,6
2025-01-13 03:00:00,SUP05,MAT_02,428,2.14,915.9200000000001,1
2025-02-01 13:00:00,SUP04,MAT_01,944,2.86,2699.8399999999997,6
2025-01-25 01:00:00,SUP03,MAT_04,553,2.19,1211.07,3
2025-02-18 09:00:00,SUP06,MAT_04,487,4.89,2381.43,5
2025-01-26 04:00:00,SUP01,MAT_02,863,3.87,3339.81,3
2025-01-19 14:00:00,SUP03,MAT_02,529,2.52,1333.08,3
2025-01-12 13:00:00,SUP03,MAT_01,575,2.35,1351.25,2
2025-02-11 09:00:00,SUP02,MAT_01,224,3.11,696.64,1
2025-01-23 03:00:00,SUP01,MAT_01,622,2.92,1816.24,4
2025-02-10 23:00:00,SUP04,MAT_04,581,2.84,1650.04,4
2025-01-26 01:00:00,SUP02,MAT_04,416,3.4,1414.3999999999999,0
2025-01-24 09:00:00,SUP02,MAT_03,221,4.74,1047.54,0
2025-02-13 01:00:00,SUP05,MAT_03,646,3.7,2390.2000000000003,6
2025-01-25 14:00:00,SUP04,MAT_03,680,3.56,2420.8,5
2025-01-03 10:00:00,SUP03,MAT_04,412,4.42,1821.04,6
2025-02-16 07:00:00,SUP06,MAT_01,586,2.01,1177.86,4
2025-01-20 02:00:00,SUP03,MAT_03,750,2.59,1942.5,1
2025-01-05 07:00:00,SUP03,MAT_01,111,3.49,387.39000000000004,6
2025-02-04 14:00:00,SUP05,MAT_01,224,4.12,922.88,3
2025-02-02 20:00:00,SUP03,MAT_01,910,3.46,3148.6,4
2025-01-05 07:00:00,SUP01,MAT_03,758,2.49,1887.42,5
2025-01-31 21:00:00,SUP03,MAT_03,176,4.79,843.04,5
2025-01-13 12:00:00,SUP03,MAT_01,679,2.99,2030.21,4
2025-01-28 05:00:00,SUP01,MAT_03,817,4.36,3562.1200000000003,0
2025-01-24 02:00:00,SUP05,MAT_02,335,4.67,1564.45,1
2025-01-27 03:00:00,SUP02,MAT_03,670,3.04,2036.8,4
2025-02-16 03:00:00,SUP04,MAT_01,869,4.54,3945.26,3
2025-02-08 16:00:00,SUP05,MAT_01,353,4.13,1457.8899999999999,3
2025-01-15 23:00:00,SUP03,MAT_04,505,4.71,2378.55,2
2025-01-04 14:00:00,SUP02,MAT_04,342,2.75,940.5,3
2025-01-18 19:00:00,SUP04,MAT_01,560,4.79,2682.4,4
2025-01-16 06:00:00,SUP04,MAT_02,376,2.2,827.2,4
2025-01-15 06:00:00,SUP04,MAT_04,568,4.38,2487.84,3
2025-01-15 10:00:00,SUP01,MAT_01,319,3.31,1055.89,0
2025-01-04 23:00:00,SUP01,MAT_04,324,2.53,819.7199999999999,1
2025-02-18 07:00:00,SUP02,MAT_04,200,2.24,448.00000000000006,5
2025-02-06 19:00:00,SUP03,MAT_01,953,3.17,3021.0099999999998,4
2025-01-21 05:00:00,SUP02,MAT_03,733,3.17,2323.61,3
2025-01-26 03:00:00,SUP03,MAT_02,829,2.69,2230.0099999999998,5
2025-01-18 03:00:00,SUP05,MAT_03,606,2.65,1605.8999999999999,3
2025-01-19 15:00:00,SUP04,MAT_01,686,3.2,2195.2000000000003,4
2025-01-11 06:00:00,SUP04,MAT_01,430,3.23,1388.9,2
2025-02-02 01:00:00,SUP01,MAT_02,336,3.33,1118.88,1
2025-01-30 02:00:00,SUP05,MAT_01,438,4.61,2019.18,4
2025-01-18 12:00:00,SUP06,MAT_04,851,3.83,3259.33,5
2025-01-06 03:00:00,SUP05,MAT_02,605,2.06,1246.3,3
2025-02-19 16:00:00,SUP03,MAT_03,264,3.56,939.84,2
2025-02-09 04:00:00,SUP05,MAT_02,945,4.29,4054.05,6
2025-02-06 12:00:00,SUP01,MAT_03,768,2.17,1666.56,4
2025-02-17 06:00:00,SUP03,MAT_01,822,3.27,2687.94,1
2025-01-01 12:00:00,SUP02,MAT_03,888,3.35,2974.8,2
2025-02-03 07:00:00,SUP03,MAT_03,827,4.86,4019.2200000000003,5
2025-02-13 14:00:00,SUP02,MAT_03,317,3.43,1087.31,3
2025-02-09 08:00:00,SUP06,MAT_02,844,4.25,3587.0,0
2025-01-09 07:00:00,SUP03,MAT_04,475,2.91,1382.25,6
2025-01-13 14:00:00,SUP04,MAT_03,111,4.34,481.74,6
2025-02-19 12:00:00,SUP06,MAT_02,531,2.97,1577.0700000000002,1
2025-01-31 17:00:00,SUP02,MAT_02,182,3.29,598.78,2
2025-01-08 07:00:00,SUP01,MAT_04,530,3.44,1823.2,4
2025-02-13 20:00:00,SUP06,MAT_02,724,4.78,3460.7200000000003,4
2025-01-29 04:00:00,SUP06,MAT_01,577,2.16,1246.3200000000002,2
2025-01-23 06:00:00,SUP06,MAT_01,882,2.59,2284.3799999999997,4
2025-01-20 20:00:00,SUP02,MAT_01,806,4.12,3320.7200000000003,6
2025-01-16 22:00:00,SUP02,MAT_04,468,3.73,1745.64,6
2025-01-24 03:00:00,SUP03,MAT_02,752,2.75,2068.0,6
2025-01-14 21:00:00,SUP04,MAT_01,735,2.87,2109.4500000000003,2
2025-02-17 01:00:00,SUP06,MAT_03,240,3.1,744.0,1
2025-02-07 09:00:00,SUP03,MAT_02,819,3.35,2743.65,6
2025-02-08 18:00:00,SUP03,MAT_01,726,4.45,3230.7000000000003,4
2025-01-29 12:00:00,SUP04,MAT_02,817,2.04,1666.68,1
2025-01-24 08:00:00,SUP03,MAT_01,555,4.69,2602.9500000000003,3
2025-01-06 02:00:00,SUP04,MAT_03,601,3.24,1947.2400000000002,3
2025-02-14 02:00:00,SUP01,MAT_02,502,2.69,1350.3799999999999,3
2025-01-26 17:00:00,SUP04,MAT_01,387,3.53,1366.11,3
2025-02-11 03:00:00,SUP05,MAT_01,454,3.98,1806.92,4
2025-02-04 23:00:00,SUP04,MAT_03,442,2.13,941.4599999999999,2
2025-01-18 07:00:00,SUP04,MAT_03,248,4.15,1029.2,4
2025-01-30 11:00:00,SUP05,MAT_01,309,4.28,1322.52,5
2025-01-27 12:00:00,SUP04,MAT_01,211,2.5,527.5,4
2025-01-15 10:00:00,SUP02,MAT_04,753,2.5,1882.5,1
2025-01-02 12:00:00,SUP03,MAT_04,635,2.61,1657.35,2
2025-01-22 07:00:00,SUP03,MAT_02,148,4.39,649.7199999999999,6
2025-02-05 08:00:00,SUP01,MAT_02,899,2.82,2535.18,0
2025-01-23 06:00:00,SUP01,MAT_04,430,4.39,1887.6999999999998,0
2025-02-07 21:00:00,SUP05,MAT_01,464,3.62,1679.68,6
2025-02-02 04:00:00,SUP02,MAT_03,110,4.3,473.0,2
2025-01-28 15:00:00,SUP01,MAT_02,287,3.66,1050.42,0
2025-02-13 09:00:00,SUP03,MAT_01,608,3.01,1830.08,2
2025-01-02 02:00:00,SUP01,MAT_03,679,4.73,3211.67,1
2025-01-23 07:00:00,SUP01,MAT_03,544,4.15,2257.6000000000004,1
2025-02-13 20:00:00,SUP04,MAT_01,189,3.45,652.0500000000001,4
2025-02-11 23:00:00,SUP01,MAT_01,721,3.91,2819.11,0
2025-01-28 09:00:00,SUP05,MAT_02,775,3.85,2983.75,6
2025-01-27 15:00:00,SUP03,MAT_04,547,3.07,1679.29,2
2025-02-17 12:00:00,SUP05,MAT_01,817,3.27,2671.59,1
2025-02-18 03:00:00,SUP05,MAT_04,131,2.95,386.45000000000005,4
2025-01-02 17:00:00,SUP06,MAT_02,426,5.0,2130.0,0
2025-02-19 07:00:00,SUP02,MAT_04,173,3.74,647.02,0
2025-02-17 20:00:00,SUP06,MAT_04,350,2.28,797.9999999999999,0
2025-01-09 20:00:00,SUP06,MAT_03,549,3.56,1954.44,1
2025-02-04 19:00:00,SUP04,MAT_02,454,2.15,976.0999999999999,1
2025-01-30 05:00:00,SUP05,MAT_01,632,2.87,1813.8400000000001,0
2025-01-04 07:00:00,SUP02,MAT_04,395,3.34,1319.3,1
2025-02-09 18:00:00,SUP03,MAT_02,397,3.6,1429.2,0
2025-02-07 13:00:00,SUP03,MAT_03,427,4.93,2105.1099999999997,3
2025-02-16 14:00:00,SUP02,MAT_03,401,4.95,1984.95,1
2025-01-18 15:00:00,SUP05,MAT_04,611,2.29,1399.19,2
2025-02-08 06:00:00,SUP05,MAT_04,437,3.61,1577.57,1
2025-01-22 11:00:00,SUP04,MAT_01,684,4.45,3043.8,0
2025-01-07 20:00:00,SUP04,MAT_02,473,2.71,1281.83,2
2025-02-11 12:00:00,SUP06,MAT_01,652,4.25,2771.0,4
2025-02-11 08:00:00,SUP03,MAT_01,193,4.64,895.52,2
2025-02-07 04:00:00,SUP04,MAT_03,231,3.99,921.69,2
2025-02-12 07:00:00,SUP02,MAT_02,710,2.98,2115.8,1
2025-02-14 09:00:00,SUP03,MAT_01,152,4.77,725.04,5
2025-01-31 20:00:00,SUP05,MAT_03,595,4.65,2766.75,2
2025-02-01 10:00:00,SUP03,MAT_04,328,4.15,1361.2,2
2025-01-18 07:00:00,SUP01,MAT_01,739,3.09,2283.5099999999998,6
2025-02-14 22:00:00,SUP03,MAT_04,311,4.38,1362.18,0
2025-01-14 23:00:00,SUP04,MAT_02,896,2.95,2643.2000000000003,1
2025-02-06 16:00:00,SUP02,MAT_01,890,2.76,2456.3999999999996,0
2025-02-10 11:00:00,SUP05,MAT_04,603,3.55,2140.65,1
2025-01-29 12:00:00,SUP05,MAT_04,594,4.99,2964.06,4
2025-01-31 20:00:00,SUP04,MAT_02,952,4.41,4198.32,5
2025-01-02 05:00:00,SUP04,MAT_03,770,4.19,3226.3,2
2025-01-24 22:00:00,SUP04,MAT_03,963,3.36,3235.68,6
2025-01-10 04:00:00,SUP01,MAT_01,332,2.94,976.0799999999999,1
2025-02-04 10:00:00,SUP02,MAT_04,170,4.57,776.9000000000001,2
2025-01-25 17:00:00,SUP01,MAT_03,816,3.7,3019.2000000000003,2
2025-02-01 09:00:00,SUP04,MAT_01,288,4.44,1278.72,3
2025-02-14 06:00:00,SUP02,MAT_04,762,3.46,2636.52,0
2025-02-12 12:00:00,SUP04,MAT_01,107,4.26,455.82,5
2025-01-21 11:00:00,SUP02,MAT_02,431,4.6,1982.6,6
2025-01-19 05:00:00,SUP05,MAT_01,711,3.17,2253.87,1
2025-01-20 22:00:00,SUP01,MAT_02,115,2.04,234.6,4
2025-02-02 14:00:00,SUP06,MAT_04,765,2.76,2111.3999999999996,5
2025-02-09 12:00:00,SUP04,MAT_04,768,4.74,3640.32,3
2025-02-11 23:00:00,SUP04,MAT_04,192,4.06,779.52,0
2025-01-03 23:00:00,SUP03,MAT_01,361,4.21,1519.81,4
2025-01-25 05:00:00,SUP06,MAT_04,648,2.98,1931.04,4
2025-01-10 03:00:00,SUP05,MAT_04,260,4.1,1066.0,2
2025-02-12 19:00:00,SUP04,MAT_02,450,3.94,1773.0,0
2025-02-11 18:00:00,SUP01,MAT_04,273,2.54,693.42,3
2025-01-13 01:00:00,SUP05,MAT_04,416,4.91,2042.56,1
2025-01-16 19:00:00,SUP04,MAT_04,117,3.06,358.02,1
2025-02-03 11:00:00,SUP01,MAT_03,585,2.99,1749.15,3
2025-01-31 22:00:00,SUP03,MAT_04,466,3.11,1449.26,2
2025-01-04 07:00:00,SUP03,MAT_01,450,2.28,1026.0,2
2025-01-03 17:00:00,SUP01,MAT_02,627,3.87,2426.4900000000002,4
2025-01-06 15:00:00,SUP05,MAT_04,971,2.72,2641.1200000000003,0
2025-01-17 14:00:00,SUP01,MAT_01,534,4.41,2354.94,4
2025-01-15 10:00:00,SUP06,MAT_02,369,3.18,1173.42,6
2025-01-03 10:00:00,SUP01,MAT_02,970,3.38,3278.6,6
2025-02-02 09:00:00,SUP03,MAT_01,167,3.94,657.98,1
2025-01-22 14:00:00,SUP03,MAT_01,129,4.29,553.41,3
2025-01-30 17:00:00,SUP03,MAT_03,415,2.69,1116.35,0
2025-02-10 16:00:00,SUP06,MAT_03,920,4.9,4508.0,3
2025-01-04 06:00:00,SUP04,MAT_04,836,3.87,3235.32,0
2025-01-05 18:00:00,SUP06,MAT_03,263,2.02,531.26,5
2025-02-11 01:00:00,SUP04,MAT_01,419,3.25,1361.75,1
2025-01-06 05:00:00,SUP06,MAT_03,113,3.31,374.03000000000003,1
2025-01-24 20:00:00,SUP02,MAT_02,378,4.43,1674.54,5
2025-02-10 04:00:00,SUP04,MAT_01,531,2.92,1550.52,0
2025-01-21 19:00:00,SUP05,MAT_04,767,2.99,2293.3300000000004,2
2025-02-04 12:00:00,SUP05,MAT_02,733,2.21,1619.93,0
2025-02-16 21:00:00,SUP03,MAT_02,362,2.85,1031.7,1
2025-01-27 01:00:00,SUP06,MAT_02,781,4.15,3241.15,6
2025-02-19 21:00:00,SUP01,MAT_01,621,3.9,2421.9,3
2025-01-19 19:00:00,SUP03,MAT_01,271,2.24,607.0400000000001,4
2025-02-16 11:00:00,SUP01,MAT_04,457,2.34,1069.3799999999999,3
2025-01-17 00:00:00,SUP06,MAT_03,112,3.13,350.56,1
2025-01-16 02:00:00,SUP03,MAT_03,824,4.23,3485.5200000000004,3
2025-01-21 17:00:00,SUP03,MAT_03,772,4.5,3474.0,2
2025-01-23 08:00:00,SUP05,MAT_03,331,2.04,675.24,2
2025-01-01 15:00:00,SUP01,MAT_02,575,2.99,1719.2500000000002,6
2025-02-10 20:00:00,SUP02,MAT_01,570,3.27,1863.9,0
2025-02-18 12:00:00,SUP02,MAT_03,259,4.73,1225.0700000000002,3
2025-01-26 19:00:00,SUP03,MAT_02,738,3.5,2583.0,3
2025-01-13 11:00:00,SUP06,MAT_01,659,2.81,1851.79,1
2025-01-15 02:00:00,SUP03,MAT_01,360,3.17,1141.2,0
2025-01-13 14:00:00,SUP05,MAT_01,672,3.31,2224.32,0
2025-01-25 15:00:00,SUP01,MAT_02,733,4.01,2939.33,3
2025-01-04 03:00:00,SUP03,MAT_03,701,2.12,1486.1200000000001,4
2025-02-08 01:00:00,SUP06,MAT_01,458,3.17,1451.86,3
2025-02-02 11:00:00,SUP02,MAT_02,354,3.94,1394.76,3
2025-02-08 08:00:00,SUP01,MAT_01,701,2.85,1997.8500000000001,3
2025-02-15 18:00:00,SUP03,MAT_04,614,3.78,2320.92,2
2025-01-16 05:00:00,SUP01,MAT_04,379,3.07,1163.53,5
2025-01-28 04:00:00,SUP05,MAT_02,216,4.28,924.48,0
2025-02-11 21:00:00,SUP02,MAT_03,709,2.18,1545.6200000000001,5
2025-01-17 11:00:00,SUP06,MAT_03,261,4.75,1239.75,2
2025-02-03 11:00:00,SUP01,MAT_01,951,2.51,2387.0099999999998,4
2025-02-13 19:00:00,SUP02,MAT_03,986,2.48,2445.28,1
2025-02-05 04:00:00,SUP03,MAT_03,397,4.52,1794.4399999999998,6
2025-02-06 07:00:00,SUP06,MAT_04,396,4.61,1825.5600000000002,4
2025-02-16 10:00:00,SUP06,MAT_02,693,2.28,1580.04,0
2025-01-05 18:00:00,SUP04,MAT_04,457,4.73,2161.61,1
2025-02-19 06:00:00,SUP01,MAT_02,759,2.82,2140.3799999999997,5
2025-01-16 12:00:00,SUP02,MAT_01,617,3.86,2381.62,4
2025-02-05 09:00:00,SUP01,MAT_04,477,2.21,1054.17,0
2025-01-04 17:00:00,SUP03,MAT_02,796,3.14,2499.44,6
2025-02-01 12:00:00,SUP03,MAT_03,525,3.35,1758.75,6
2025-01-02 06:00:00,SUP06,MAT_02,863,3.8,3279.3999999999996,4
2025-01-15 21:00:00,SUP06,MAT_03,636,3.58,2276.88,1
2025-01-20 13:00:00,SUP02,MAT_01,652,3.38,2203.7599999999998,1
2025-02-17 23:00:00,SUP05,MAT_03,268,4.88,1307.84,4
2025-01-12 05:00:00,SUP01,MAT_02,614,2.56,1571.8400000000001,2
2025-01-09 16:00:00,SUP01,MAT_04,463,2.47,1143.6100000000001,4
2025-01-29 17:00:00,SUP03,MAT_02,782,4.14,3237.4799999999996,5
2025-01-20 00:00:00,SUP01,MAT_04,529,2.22,1174.38,4
2025-01-19 16:00:00,SUP02,MAT_02,668,3.45,2304.6,4
2025-01-03 19:00:00,SUP04,MAT_02,182,3.45,627.9,2
2025-02-06 09:00:00,SUP06,MAT_01,429,2.93,1256.97,3
2025-01-20 10:00:00,SUP03,MAT_03,790,4.79,3784.1,1
2025-01-06 07:00:00,SUP06,MAT_02,232,2.85,661.2,5
2025-01-31 12:00:00,SUP06,MAT_04,697,2.87,2000.39,0
2025-02-13 10:00:00,SUP06,MAT_03,556,2.7,1501.2,1
2025-01-16 07:00:00,SUP04,MAT_01,452,2.44,1102.8799999999999,1
2025-01-03 09:00:00,SUP01,MAT_03,882,3.09,2725.3799999999997,3
2025-01-24 04:00:00,SUP05,MAT_02,443,4.04,1789.72,1
2025-02-16 21:00:00,SUP06,MAT_04,193,4.23,816.3900000000001,1
2025-01-02 23:00:00,SUP02,MAT_04,481,4.44,2135.6400000000003,2
2025-01-24 09:00:00,SUP06,MAT_03,967,2.59,2504.5299999999997,2
2025-01-25 16:00:00,SUP06,MAT_04,861,2.11,1816.7099999999998,2
2025-02-03 19:00:00,SUP01,MAT_02,394,4.92,1938.48,2
2025-01-03 10:00:00,SUP02,MAT_04,297,2.04,605.88,2
2025-01-07 16:00:00,SUP01,MAT_04,178,4.88,868.64,5
2025-01-05 06:00:00,SUP06,MAT_04,777,4.49,3488.73,0
2025-02-05 05:00:00,SUP01,MAT_02,650,4.74,3081.0,3
2025-01-18 03:00:00,SUP01,MAT_01,919,3.16,2904.04,4
2025-02-02 17:00:00,SUP03,MAT_04,313,2.59,810.67,6
2025-01-08 14:00:00,SUP04,MAT_01,742,3.82,2834.44,5
2025-01-18 08:00:00,SUP05,MAT_03,768,4.22,3240.96,2
2025-02-17 11:00:00,SUP04,MAT_03,993,2.39,2373.27,3
2025-01-17 14:00:00,SUP04,MAT_02,258,4.39,1132.62,4
2025-02-09 20:00:00,SUP02,MAT_02,933,2.63,2453.79,1
2025-02-02 10:00:00,SUP03,MAT_02,838,3.48,2916.24,5
2025-01-28 06:00:00,SUP03,MAT_02,656,4.57,2997.92,1
2025-01-19 04:00:00,SUP01,MAT_01,300,2.58,774.0,3
2025-01-14 05:00:00,SUP04,MAT_02,121,2.73,330.33,0
2025-01-26 05:00:00,SUP05,MAT_01,438,2.19,959.22,0
2025-02-07 22:00:00,SUP02,MAT_04,341,2.44,832.04,3
2025-01-21 16:00:00,SUP03,MAT_04,840,2.44,2049.6,6
2025-01-18 18:00:00,SUP01,MAT_03,337,2.61,879.5699999999999,6
2025-02-04 01:00:00,SUP05,MAT_03,248,2.86,709.28,0
2025-02-12 14:00:00,SUP04,MAT_01,884,4.44,3924.9600000000005,6
2025-01-10 23:00:00,SUP05,MAT_02,678,4.75,3220.5,0
2025-02-15 02:00:00,SUP03,MAT_03,106,3.22,341.32,1
2025-02-03 04:00:00,SUP02,MAT_01,332,2.38,790.16,6
2025-01-09 10:00:00,SUP04,MAT_03,968,2.67,2584.56,0
2025-01-12 22:00:00,SUP02,MAT_02,903,4.21,3801.63,0
2025-01-04 00:00:00,SUP06,MAT_01,867,4.03,3494.01,3
2025-01-31 05:00:00,SUP05,MAT_03,678,4.9,3322.2000000000003,0
2025-01-15 00:00:00,SUP05,MAT_02,861,2.04,1756.44,6
2025-01-09 10:00:00,SUP01,MAT_01,176,4.25,748.0,6
2025-01-10 14:00:00,SUP04,MAT_01,588,3.52,2069.76,5
2025-02-07 15:00:00,SUP05,MAT_01,186,4.71,876.06,2
2025-02-15 00:00:00,SUP03,MAT_04,863,3.73,3218.99,2
2025-01-27 19:00:00,SUP06,MAT_01,321,3.34,1072.1399999999999,3
2025-02-08 02:00:00,SUP03,MAT_03,512,4.0,2048.0,2
2025-01-12 15:00:00,SUP02,MAT_01,683,4.5,3073.5,1
2025-02-03 16:00:00,SUP06,MAT_01,301,2.85,857.85,5
2025-01-20 09:00:00,SUP06,MAT_01,670,2.32,1554.3999999999999,5
2025-01-31 16:00:00,SUP03,MAT_01,375,3.3,1237.5,3
2025-02-19 21:00:00,SUP05,MAT_01,320,2.64,844.8000000000001,6
2025-02-03 11:00:00,SUP03,MAT_04,256,3.29,842.24,0
2025-01-12 01:00:00,SUP04,MAT_02,280,4.97,1391.6,2
2025-01-11 06:00:00,SUP02,MAT_04,824,3.72,3065.28,1
2025-01-04 05:00:00,SUP06,MAT_03,228,4.08,930.24,6
2025-02-05 13:00:00,SUP04,MAT_02,342,4.03,1378.26,3
2025-01-11 12:00:00,SUP05,MAT_03,271,4.46,1208.66,6
2025-01-20 18:00:00,SUP05,MAT_01,602,4.83,2907.66,3
2025-01-08 07:00:00,SUP03,MAT_03,579,3.98,2304.42,0
2025-02-10 10:00:00,SUP01,MAT_04,976,3.43,3347.6800000000003,4
2025-01-11 13:00:00,SUP06,MAT_04,369,2.95,1088.55,2
2025-02-07 14:00:00,SUP06,MAT_01,520,3.08,1601.6000000000001,1
2025-01-05 10:00:00,SUP01,MAT_01,262,3.0,786.0,3
2025-02-19 18:00:00,SUP05,MAT_02,123,2.97,365.31,6
2025-01-03 09:00:00,SUP05,MAT_04,596,4.08,2431.68,2
2025-02-09 05:00:00,SUP06,MAT_04,292,3.76,1097.9199999999998,6
2025-01-04 11:00:00,SUP02,MAT_02,977,2.61,2549.97,1
2025-02-17 12:00:00,SUP06,MAT_04,489,4.91,2400.9900000000002,5
2025-01-30 15:00:00,SUP05,MAT_02,596,3.28,1954.8799999999999,5
2025-02-07 12:00:00,SUP05,MAT_04,905,3.7,3348.5,1
2025-02-16 21:00:00,SUP02,MAT_03,228,4.11,937.08,5
2025-01-28 08:00:00,SUP04,MAT_03,652,3.84,2503.68,3
2025-01-19 23:00:00,SUP04,MAT_02,642,2.93,1881.0600000000002,2
2025-01-28 10:00:00,SUP02,MAT_02,135,4.39,592.65,1
2025-02-02 04:00:00,SUP02,MAT_01,556,2.33,1295.48,3
2025-02-02 22:00:00,SUP04,MAT_04,460,3.71,1706.6,2
2025-02-05 10:00:00,SUP04,MAT_03,864,2.82,2436.48,2
2025-01-22 21:00:00,SUP04,MAT_01,976,3.85,3757.6,3
2025-01-12 01:00:00,SUP04,MAT_04,314,2.65,832.1,2
2025-01-06 20:00:00,SUP06,MAT_03,386,4.32,1667.5200000000002,4
2025-02-07 06:00:00,SUP06,MAT_04,867,2.68,2323.56,1
2025-01-17 21:00:00,SUP03,MAT_02,468,4.67,2185.56,1
2025-01-13 04:00:00,SUP02,MAT_03,568,4.58,2601.44,2
2025-02-13 22:00:00,SUP01,MAT_03,998,3.09,3083.8199999999997,3
2025-02-19 18:00:00,SUP03,MAT_01,285,3.16,900.6,0
2025-01-15 18:00:00,SUP01,MAT_04,573,4.1,2349.2999999999997,5
2025-01-09 12:00:00,SUP01,MAT_02,160,2.27,363.2,2
2025-02-11 09:00:00,SUP05,MAT_02,361,2.24,808.6400000000001,0
2025-01-13 02:00:00,SUP02,MAT_04,887,2.41,2137.67,2
2025-01-05 14:00:00,SUP06,MAT_04,210,3.69,774.9,0
2025-02-15 11:00:00,SUP03,MAT_02,928,2.45,2273.6000000000004,2
2025-01-16 12:00:00,SUP02,MAT_04,240,2.83,679.2,3
2025-01-09 03:00:00,SUP04,MAT_01,844,3.94,3325.36,5
2025-01-06 05:00:00,SUP02,MAT_04,634,2.05,1299.6999999999998,6
2025-01-11 21:00:00,SUP01,MAT_01,178,2.54,452.12,6
2025-02-06 22:00:00,SUP06,MAT_01,593,4.79,2840.47,0
2025-02-08 11:00:00,SUP04,MAT_04,130,3.99,518.7,4
2025-01-07 10:00:00,SUP02,MAT_03,615,2.92,1795.8,3
2025-01-05 11:00:00,SUP02,MAT_03,608,2.14,1301.1200000000001,5
2025-01-02 10:00:00,SUP06,MAT_01,729,3.76,2741.04,2
2025-02-14 11:00:00,SUP01,MAT_04,165,2.67,440.55,0
2025-01-28 06:00:00,SUP04,MAT_01,609,4.88,2971.92,5
2025-01-31 02:00:00,SUP01,MAT_04,470,4.06,1908.1999999999998,1
2025-02-11 13:00:00,SUP06,MAT_04,386,4.92,1899.12,3
2025-01-18 07:00:00,SUP02,MAT_02,275,4.55,1251.25,0
2025-02-11 15:00:00,SUP03,MAT_03,222,3.45,765.9000000000001,3
2025-01-12 20:00:00,SUP03,MAT_03,330,4.01,1323.3,0
2025-01-22 13:00:00,SUP05,MAT_02,654,4.44,2903.76,6
2025-01-02 02:00:00,SUP03,MAT_02,103,3.73,384.19,1
2025-01-10 10:00:00,SUP06,MAT_02,801,2.18,1746.18,4
2025-02-05 07:00:00,SUP06,MAT_01,915,3.41,3120.15,1
2025-02-17 00:00:00,SUP06,MAT_01,511,2.39,1221.29,2
2025-01-01 17:00:00,SUP04,MAT_01,349,4.14,1444.86,3
2025-01-02 18:00:00,SUP05,MAT_01,755,4.04,3050.2,4
2025-01-04 16:00:00,SUP04,MAT_01,586,4.98,2918.28,3
2025-01-25 09:00:00,SUP03,MAT_03,444,3.89,1727.16,5
2025-01-07 12:00:00,SUP03,MAT_03,993,4.4,4369.200000000001,0
2025-01-06 13:00:00,SUP02,MAT_04,432,2.8,1209.6,2
2025-01-20 07:00:00,SUP04,MAT_03,552,3.02,1667.04,2
2025-02-18 03:00:00,SUP01,MAT_02,257,4.75,1220.75,3
2025-01-31 20:00:00,SUP02,MAT_03,676,4.27,2886.5199999999995,6
2025-02-14 01:00:00,SUP04,MAT_02,936,3.97,3715.92,2
2025-01-04 10:00:00,SUP06,MAT_03,369,2.76,1018.4399999999999,3
2025-02-08 16:00:00,SUP05,MAT_01,686,4.1,2812.6,0
2025-02-18 03:00:00,SUP04,MAT_03,517,4.66,2409.2200000000003,0
2025-02-06 01:00:00,SUP05,MAT_04,539,2.69,1449.91,3
2025-01-09 11:00:00,SUP05,MAT_01,128,4.12,527.36,1
2025-02-10 01:00:00,SUP03,MAT_01,434,3.18,1380.1200000000001,1
2025-01-21 16:00:00,SUP01,MAT_04,337,2.36,795.3199999999999,0
2025-01-19 09:00:00,SUP04,MAT_03,252,4.29,1081.08,4
2025-02-04 11:00:00,SUP01,MAT_03,705,2.5,1762.5,1
2025-02-17 20:00:00,SUP05,MAT_04,848,2.76,2340.48,3
2025-02-06 06:00:00,SUP03,MAT_01,933,4.35,4058.5499999999997,0
2025-02-19 22:00:00,SUP01,MAT_04,214,4.23,905.2200000000001,2
2025-02-06 04:00:00,SUP02,MAT_02,907,2.76,2503.3199999999997,2
2025-01-04 07:00:00,SUP05,MAT_02,830,4.82,4000.6000000000004,6
2025-02-03 19:00:00,SUP02,MAT_03,857,2.65,2271.0499999999997,1
2025-02-08 02:00:00,SUP06,MAT_01,498,4.98,2480.0400000000004,4
2025-01-24 17:00:00,SUP01,MAT_02,131,4.21,551.51,5
2025-02-16 10:00:00,SUP01,MAT_04,631,3.18,2006.5800000000002,1
2025-02-05 21:00:00,SUP01,MAT_03,152,2.39,363.28000000000003,4
2025-01-08 00:00:00,SUP06,MAT_03,817,2.96,2418.32,1
2025-02-12 03:00:00,SUP04,MAT_01,830,2.58,2141.4,2
2025-01-10 19:00:00,SUP05,MAT_02,294,3.87,1137.78,4
2025-01-17 14:00:00,SUP05,MAT_03,404,3.07,1240.28,2
2025-01-25 11:00:00,SUP05,MAT_04,806,2.89,2329.34,6
2025-02-04 04:00:00,SUP04,MAT_02,444,4.27,1895.8799999999999,3
2025-02-12 04:00:00,SUP01,MAT_03,181,2.69,486.89,3
2025-01-20 20:00:00,SUP01,MAT_03,100,3.76,376.0,0
2025-02-05 04:00:00,SUP06,MAT_02,266,2.58,686.28,2
2025-01-25 08:00:00,SUP02,MAT_02,416,4.14,1722.2399999999998,2
2025-02-16 07:00:00,SUP04,MAT_01,282,3.88,1094.16,6
2025-01-26 14:00:00,SUP03,MAT_04,997,4.39,4376.83,0
2025-01-26 05:00:00,SUP04,MAT_01,961,2.21,2123.81,3
2025-02-10 00:00:00,SUP06,MAT_01,372,2.63,978.36,3
2025-02-02 09:00:00,SUP02,MAT_04,768,2.46,1889.28,4
2025-01-15 21:00:00,SUP02,MAT_04,472,2.57,1213.04,4
2025-02-15 01:00:00,SUP02,MAT_01,461,2.31,1064.91,5
2025-01-22 16:00:00,SUP01,MAT_02,999,3.69,3686.31,6
2025-01-22 20:00:00,SUP03,MAT_04,300,3.78,1134.0,3
2025-01-17 08:00:00,SUP02,MAT_01,291,4.53,1318.23,5
2025-01-07 08:00:00,SUP05,MAT_02,440,3.25,1430.0,1
2025-02-07 04:00:00,SUP01,MAT_03,398,3.6,1432.8,2
2025-02-10 23:00:00,SUP03,MAT_02,605,4.97,3006.85,4
2025-01-20 23:00:00,SUP05,MAT_01,687,3.6,2473.2000000000003,1
2025-01-25 06:00:00,SUP03,MAT_04,239,3.72,889.08,4
2025-02-05 16:00:00,SUP06,MAT_02,405,4.99,2020.95,0
2025-01-01 19:00:00,SUP03,MAT_02,295,4.98,1469.1000000000001,2
2025-01-25 16:00:00,SUP05,MAT_02,160,3.27,523.2,5
2025-01-10 11:00:00,SUP04,MAT_04,459,3.9,1790.1,5
2025-01-01 18:00:00,SUP03,MAT_04,406,3.44,1396.6399999999999,4
2025-01-19 11:00:00,SUP04,MAT_02,579,4.16,2408.64,3
2025-01-16 07:00:00,SUP03,MAT_02,432,4.82,2082.2400000000002,6
2025-02-07 10:00:00,SUP06,MAT_01,965,2.93,2827.4500000000003,5
2025-02-07 00:00:00,SUP05,MAT_04,182,4.46,811.72,0
2025-01-31 05:00:00,SUP03,MAT_02,433,3.96,1714.68,0
2025-01-07 02:00:00,SUP02,MAT_04,616,2.84,1749.4399999999998,3
2025-01-18 21:00:00,SUP06,MAT_04,830,4.39,3643.7,0
2025-02-05 07:00:00,SUP02,MAT_04,865,3.28,2837.2,6
2025-01-09 05:00:00,SUP06,MAT_01,573,2.36,1352.28,2
2025-02-11 12:00:00,SUP06,MAT_03,493,4.98,2455.1400000000003,4
2025-01-24 12:00:00,SUP03,MAT_04,699,3.28,2292.72,0
2025-01-16 08:00:00,SUP05,MAT_04,820,3.62,2968.4,2
2025-02-03 09:00:00,SUP05,MAT_02,791,4.42,3496.22,3
2025-01-30 03:00:00,SUP01,MAT_04,819,4.88,3996.72,4
2025-02-11 11:00:00,SUP05,MAT_03,884,4.62,4084.08,3
2025-01-22 13:00:00,SUP04,MAT_04,676,3.58,2420.08,4
2025-02-02 06:00:00,SUP03,MAT_01,479,3.64,1743.5600000000002,6
2025-01-24 08:00:00,SUP02,MAT_02,120,2.84,340.79999999999995,0
2025-01-03 11:00:00,SUP05,MAT_03,978,3.39,3315.42,0
2025-01-23 16:00:00,SUP02,MAT_01,276,4.84,1335.84,4
2025-02-12 08:00:00,SUP01,MAT_03,462,4.18,1931.1599999999999,2
2025-01-13 14:00:00,SUP03,MAT_02,121,2.04,246.84,2
2025-01-12 18:00:00,SUP05,MAT_04,936,2.35,2199.6,2
2025-01-20 21:00:00,SUP02,MAT_02,647,4.77,3086.1899999999996,1
2025-02-13 13:00:00,SUP06,MAT_02,349,4.55,1587.95,5
2025-01-24 06:00:00,SUP05,MAT_04,760,3.46,2629.6,5
2025-01-15 12:00:00,SUP01,MAT_01,172,3.85,662.2,5
2025-01-28 21:00:00,SUP06,MAT_03,190,2.87,545.3000000000001,2
2025-01-11 17:00:00,SUP02,MAT_01,275,4.38,1204.5,0
2025-01-28 06:00:00,SUP02,MAT_04,225,3.81,857.25,6
2025-02-14 14:00:00,SUP03,MAT_03,303,4.08,1236.24,1
2025-02-13 18:00:00,SUP03,MAT_04,345,3.12,1076.4,2
2025-02-13 18:00:00,SUP02,MAT_01,710,3.29,2335.9,0
2025-01-07 00:00:00,SUP06,MAT_02,370,2.62,969.4000000000001,1
2025-01-25 10:00:00,SUP03,MAT_03,143,4.84,692.12,0
2025-01-22 17:00:00,SUP02,MAT_04,833,4.84,4031.72,4
2025-02-17 16:00:00,SUP06,MAT_03,708,4.45,3150.6,0
2025-02-03 08:00:00,SUP04,MAT_03,647,4.81,3112.0699999999997,1
2025-01-16 21:00:00,SUP05,MAT_01,267,4.0,1068.0,2
2025-02-02 07:00:00,SUP04,MAT_02,534,2.7,1441.8000000000002,5
2025-01-29 00:00:00,SUP04,MAT_03,129,4.28,552.12,1
2025-01-14 14:00:00,SUP05,MAT_01,893,2.98,2661.14,2
2025-01-27 05:00:00,SUP02,MAT_03,696,3.32,2310.72,2
2025-01-04 11:00:00,SUP02,MAT_02,456,2.82,1285.9199999999998,6
2025-01-07 01:00:00,SUP03,MAT_03,590,3.27,1929.3,3
2025-02-19 18:00:00,SUP01,MAT_02,732,4.04,2957.28,6
2025-01-18 15:00:00,SUP02,MAT_01,898,2.33,2092.34,4
2025-01-28 12:00:00,SUP05,MAT_01,347,2.32,805.04,3
2025-02-01 18:00:00,SUP01,MAT_02,795,4.05,3219.75,5
2025-01-24 16:00:00,SUP05,MAT_02,352,4.34,1527.6799999999998,1
2025-01-15 10:00:00,SUP05,MAT_01,884,3.65,3226.6,3
2025-01-15 10:00:00,SUP05,MAT_02,820,2.54,2082.8,5
2025-01-17 23:00:00,SUP01,MAT_02,965,3.29,3174.85,2
2025-01-06 12:00:00,SUP04,MAT_04,481,4.27,2053.87,1
2025-01-26 13:00:00,SUP06,MAT_03,635,4.06,2578.1,3
2025-02-11 03:00:00,SUP05,MAT_01,733,2.33,1707.89,0
2025-01-05 09:00:00,SUP03,MAT_01,836,4.91,4104.76,5
2025-01-08 02:00:00,SUP02,MAT_04,999,2.67,2667.33,5
2025-01-27 15:00:00,SUP06,MAT_02,997,2.66,2652.02,4
2025-01-11 21:00:00,SUP02,MAT_02,518,3.38,1750.84,0
2025-01-21 13:00:00,SUP02,MAT_02,222,2.98,661.56,1
2025-02-07 14:00:00,SUP01,MAT_01,393,4.95,1945.3500000000001,3
2025-01-13 01:00:00,SUP03,MAT_04,784,2.23,1748.32,2
2025-01-04 12:00:00,SUP03,MAT_03,242,2.92,706.64,3
2025-01-02 20:00:00,SUP06,MAT_04,998,3.15,3143.7,6
2025-02-03 22:00:00,SUP03,MAT_01,610,3.48,2122.8,1
2025-01-14 20:00:00,SUP03,MAT_03,780,2.05,1598.9999999999998,1
2025-01-20 08:00:00,SUP03,MAT_02,156,2.25,351.0,1
2025-01-09 07:00:00,SUP06,MAT_04,141,2.77,390.57,1
2025-01-14 16:00:00,SUP04,MAT_04,920,3.66,3367.2000000000003,6
2025-01-10 23:00:00,SUP03,MAT_01,730,4.3,3139.0,5
2025-02-03 05:00:00,SUP03,MAT_04,220,4.06,893.1999999999999,3
2025-01-30 05:00:00,SUP01,MAT_03,923,3.7,3415.1000000000004,0
2025-01-25 06:00:00,SUP01,MAT_04,862,3.19,2749.7799999999997,2
2025-01-28 08:00:00,SUP03,MAT_01,442,4.61,2037.6200000000001,2
2025-01-31 00:00:00,SUP04,MAT_04,431,3.38,1456.78,4
2025-01-15 23:00:00,SUP03,MAT_03,555,2.9,1609.5,5
2025-01-17 00:00:00,SUP03,MAT_03,536,3.89,2085.04,1
2025-02-03 06:00:00,SUP03,MAT_01,440,4.08,1795.2,1
2025-01-16 04:00:00,SUP05,MAT_02,440,3.2,1408.0,1
2025-01-03 23:00:00,SUP04,MAT_01,515,2.08,1071.2,5
2025-01-21 23:00:00,SUP02,MAT_02,948,2.28,2161.4399999999996,0
2025-01-06 06:00:00,SUP03,MAT_03,281,4.54,1275.74,1
2025-01-21 01:00:00,SUP02,MAT_04,776,2.17,1683.9199999999998,4
2025-01-12 18:00:00,SUP04,MAT_04,363,3.78,1372.1399999999999,4
2025-02-12 17:00:00,SUP03,MAT_03,309,2.55,787.9499999999999,0
2025-01-04 01:00:00,SUP02,MAT_01,622,2.69,1673.18,5
2025-02-15 07:00:00,SUP06,MAT_04,281,2.82,792.42,1
2025-02-02 04:00:00,SUP02,MAT_01,543,2.11,1145.73,6
2025-01-15 10:00:00,SUP04,MAT_04,350,2.53,885.4999999999999,3
2025-01-14 11:00:00,SUP03,MAT_02,237,3.95,936.1500000000001,3
2025-01-10 22:00:00,SUP05,MAT_04,317,3.5,1109.5,2
2025-01-15 00:00:00,SUP04,MAT_02,850,4.39,3731.4999999999995,0
2025-01-15 04:00:00,SUP05,MAT_04,553,2.18,1205.5400000000002,3
2025-02-09 09:00:00,SUP03,MAT_04,982,4.67,4585.94,2
2025-02-07 03:00:00,SUP02,MAT_04,948,4.99,4730.52,4
2025-01-20 05:00:00,SUP06,MAT_04,186,2.05,381.29999999999995,2
2025-02-03 05:00:00,SUP06,MAT_04,909,4.9,4454.1,1
2025-01-31 12:00:00,SUP04,MAT_01,392,2.71,1062.32,1
2025-01-07 17:00:00,SUP04,MAT_02,191,4.08,779.28,4
2025-01-19 15:00:00,SUP04,MAT_02,307,2.88,884.16,0
2025-01-12 00:00:00,SUP01,MAT_04,303,3.57,1081.71,5
2025-02-12 01:00:00,SUP06,MAT_01,285,3.53,1006.05,1
2025-01-06 11:00:00,SUP06,MAT_01,184,3.08,566.72,1
2025-01-05 23:00:00,SUP03,MAT_03,926,4.15,3842.9000000000005,2
2025-01-28 23:00:00,SUP01,MAT_03,763,3.8,2899.4,2
2025-01-22 00:00:00,SUP04,MAT_01,255,3.52,897.6,2
2025-01-05 12:00:00,SUP04,MAT_03,392,4.95,1940.4,3
2025-01-13 04:00:00,SUP05,MAT_02,632,4.82,3046.2400000000002,6
2025-02-11 03:00:00,SUP01,MAT_01,260,4.87,1266.2,4
2025-02-04 11:00:00,SUP02,MAT_03,485,4.64,2250.3999999999996,0
2025-01-08 18:00:00,SUP06,MAT_01,584,2.77,1617.68,2
2025-02-14 03:00:00,SUP03,MAT_03,602,3.05,1836.1,0
2025-01-11 15:00:00,SUP02,MAT_01,950,2.69,2555.5,6
2025-02-12 23:00:00,SUP02,MAT_04,255,4.96,1264.8,2
2025-02-01 03:00:00,SUP03,MAT_02,242,2.46,595.3199999999999,1
2025-01-02 16:00:00,SUP04,MAT_03,868,3.1,2690.8,6
2025-02-01 12:00:00,SUP06,MAT_04,718,2.6,1866.8,0
2025-01-05 16:00:00,SUP05,MAT_01,383,2.67,1022.61,3
2025-02-01 23:00:00,SUP04,MAT_04,661,2.74,1811.14,2
2025-02-19 13:00:00,SUP04,MAT_02,134,3.92,525.28,5
2025-02-05 13:00:00,SUP01,MAT_03,323,2.23,720.29,4
2025-01-04 05:00:00,SUP02,MAT_03,767,3.72,2853.2400000000002,1
2025-01-30 22:00:00,SUP02,MAT_01,492,4.46,2194.32,6
2025-02-06 13:00:00,SUP06,MAT_02,507,4.3,2180.1,6
2025-01-17 17:00:00,SUP02,MAT_04,802,2.45,1964.9,2
2025-02-04 16:00:00,SUP05,MAT_01,487,4.74,2308.38,6
2025-01-03 15:00:00,SUP05,MAT_03,795,4.31,3426.45,0
2025-01-28 03:00:00,SUP05,MAT_04,848,2.02,1712.96,2
2025-02-06 21:00:00,SUP03,MAT_01,396,4.21,1667.16,1
2025-02-14 09:00:00,SUP06,MAT_04,422,4.21,1776.62,4
2025-01-16 12:00:00,SUP05,MAT_04,915,3.49,3193.3500000000004,4
2025-01-13 17:00:00,SUP01,MAT_01,953,2.14,2039.42,4
2025-01-09 16:00:00,SUP01,MAT_04,587,3.74,2195.38,5
2025-01-20 10:00:00,SUP04,MAT_04,669,4.3,2876.7,1
2025-02-08 19:00:00,SUP04,MAT_02,138,2.81,387.78000000000003,5
2025-02-19 00:00:00,SUP06,MAT_02,604,4.0,2416.0,5
2025-01-27 22:00:00,SUP04,MAT_03,602,3.06,1842.1200000000001,6
2025-01-16 01:00:00,SUP04,MAT_02,852,3.72,3169.44,2
2025-01-31 00:00:00,SUP01,MAT_01,636,3.15,2003.3999999999999,1
2025-01-30 19:00:00,SUP04,MAT_04,415,2.91,1207.65,1
2025-01-23 14:00:00,SUP01,MAT_03,595,4.57,2719.15,6
2025-01-09 01:00:00,SUP05,MAT_02,216,4.26,920.16,2
2025-01-28 03:00:00,SUP05,MAT_04,441,3.04,1340.64,3
2025-02-13 18:00:00,SUP06,MAT_01,981,3.3,3237.2999999999997,5
2025-02-14 13:00:00,SUP03,MAT_04,339,4.08,1383.1200000000001,4
2025-01-27 22:00:00,SUP04,MAT_01,786,4.43,3481.9799999999996,0
2025-02-09 17:00:00,SUP05,MAT_04,544,4.05,2203.2,5
2025-02-15 01:00:00,SUP05,MAT_03,951,3.62,3442.62,0
2025-02-13 04:00:00,SUP06,MAT_03,839,4.86,4077.5400000000004,2
2025-02-09 12:00:00,SUP02,MAT_02,586,4.32,2531.52,0
2025-02-10 00:00:00,SUP02,MAT_02,864,2.35,2030.4,3
2025-01-03 00:00:00,SUP06,MAT_04,510,3.67,1871.7,1
2025-02-03 10:00:00,SUP01,MAT_04,991,3.23,3200.93,4
2025-02-16 13:00:00,SUP03,MAT_02,722,4.38,3162.36,0
2025-01-26 06:00:00,SUP06,MAT_02,852,2.13,1814.76,0
2025-01-01 09:00:00,SUP02,MAT_04,835,3.23,2697.05,2
2025-01-29 01:00:00,SUP03,MAT_04,397,2.95,1171.15,2
2025-01-31 05:00:00,SUP05,MAT_04,151,2.42,365.42,6
2025-01-22 11:00:00,SUP06,MAT_03,832,3.14,2612.48,1
2025-01-10 07:00:00,SUP01,MAT_01,403,4.02,1620.0599999999997,4
2025-01-09 10:00:00,SUP03,MAT_01,387,3.09,1195.83,6
2025-02-09 05:00:00,SUP02,MAT_02,763,3.74,2853.6200000000003,6
2025-01-25 12:00:00,SUP05,MAT_03,998,3.78,3772.4399999999996,0
2025-01-24 18:00:00,SUP06,MAT_04,217,3.76,815.92,1
2025-02-09 20:00:00,SUP04,MAT_04,523,3.59,1877.57,4
2025-01-09 03:00:00,SUP05,MAT_02,890,2.35,2091.5,1
2025-01-18 09:00:00,SUP02,MAT_02,746,2.66,1984.3600000000001,0
2025-01-01 08:00:00,SUP06,MAT_03,308,4.4,1355.2,2
2025-01-23 03:00:00,SUP02,MAT_01,226,3.51,793.26,2
2025-01-07 04:00:00,SUP04,MAT_01,392,4.12,1615.04,2
2025-01-16 22:00:00,SUP05,MAT_04,618,3.71,2292.78,3
2025-02-13 03:00:00,SUP03,MAT_02,321,2.12,680.52,1
2025-01-20 19:00:00,SUP03,MAT_03,176,4.39,772.64,0
2025-01-25 02:00:00,SUP05,MAT_04,437,2.19,957.03,1
2025-02-14 20:00:00,SUP03,MAT_01,962,4.83,4646.46,2
2025-01-09 13:00:00,SUP06,MAT_01,889,2.65,2355.85,5
2025-02-11 01:00:00,SUP05,MAT_03,945,3.54,3345.3,5
2025-02-08 02:00:00,SUP05,MAT_04,949,2.19,2078.31,1
2025-02-01 00:00:00,SUP02,MAT_03,838,4.68,3921.8399999999997,4
2025-02-08 00:00:00,SUP01,MAT_04,374,4.94,1847.5600000000002,5
2025-01-03 05:00:00,SUP02,MAT_01,962,2.44,2347.2799999999997,5
2025-02-11 17:00:00,SUP03,MAT_02,906,2.89,2618.34,1
2025-01-15 07:00:00,SUP01,MAT_02,216,2.05,442.79999999999995,6
2025-02-19 16:00:00,SUP05,MAT_01,391,4.36,1704.7600000000002,3
2025-02-19 08:00:00,SUP03,MAT_02,370,2.93,1084.1000000000001,3
2025-01-30 06:00:00,SUP04,MAT_02,546,3.77,2058.42,2
2025-01-22 22:00:00,SUP03,MAT_04,256,2.12,542.72,0
2025-01-18 03:00:00,SUP01,MAT_03,671,4.15,2784.65,6
2025-01-24 16:00:00,SUP01,MAT_04,283,3.59,1015.9699999999999,4
2025-01-09 06:00:00,SUP05,MAT_03,523,4.17,2180.91,6
2025-02-19 08:00:00,SUP06,MAT_03,755,4.37,3299.35,0
2025-02-02 06:00:00,SUP04,MAT_02,772,2.27,1752.44,0
2025-01-17 04:00:00,SUP05,MAT_03,700,3.73,2611.0,4
2025-01-20 17:00:00,SUP04,MAT_03,115,3.95,454.25,3
2025-02-01 20:00:00,SUP04,MAT_01,860,3.55,3053.0,6
2025-01-25 15:00:00,SUP05,MAT_03,197,2.55,502.34999999999997,5
2025-02-17 19:00:00,SUP03,MAT_01,715,4.39,3138.85,2
2025-02-15 15:00:00,SUP02,MAT_04,399,4.99,1991.01,1
2025-02-10 21:00:00,SUP04,MAT_02,846,4.91,4153.86,3
2025-02-11 09:00:00,SUP01,MAT_03,521,4.33,2255.93,2
2025-01-07 23:00:00,SUP05,MAT_01,406,3.25,1319.5,5
2025-01-12 19:00:00,SUP06,MAT_04,373,3.01,1122.73,3
2025-02-14 03:00:00,SUP03,MAT_04,360,2.21,795.6,6
2025-02-04 07:00:00,SUP04,MAT_04,338,3.25,1098.5,4
2025-02-19 22:00:00,SUP06,MAT_01,873,2.47,2156.31,0
2025-02-17 11:00:00,SUP03,MAT_01,431,2.76,1189.56,4
2025-02-07 02:00:00,SUP05,MAT_02,214,4.68,1001.52,5
2025-01-06 13:00:00,SUP06,MAT_03,367,4.91,1801.97,1
2025-01-06 01:00:00,SUP01,MAT_04,111,4.85,538.3499999999999,4
2025-02-04 16:00:00,SUP04,MAT_02,172,2.58,443.76,5
2025-02-12 13:00:00,SUP04,MAT_01,973,4.7,4573.1,0
2025-02-07 06:00:00,SUP06,MAT_02,505,2.42,1222.1,3
2025-01-13 00:00:00,SUP03,MAT_04,916,3.52,3224.32,2
2025-02-14 20:00:00,SUP05,MAT_04,277,3.93,1088.6100000000001,5
2025-02-14 18:00:00,SUP02,MAT_02,871,3.39,2952.69,5
2025-02-04 22:00:00,SUP04,MAT_04,358,4.86,1739.88,6
2025-02-07 23:00:00,SUP01,MAT_01,499,3.0,1497.0,1
2025-01-02 15:00:00,SUP04,MAT_04,369,3.58,1321.02,3
2025-01-11 09:00:00,SUP04,MAT_03,931,2.23,2076.13,5
2025-01-10 01:00:00,SUP02,MAT_03,731,4.56,3333.3599999999997,5
2025-01-08 10:00:00,SUP02,MAT_04,780,3.24,2527.2000000000003,2
2025-01-08 14:00:00,SUP05,MAT_02,585,4.1,2398.5,0
2025-02-19 11:00:00,SUP04,MAT_04,679,4.05,2749.95,4
2025-01-30 08:00:00,SUP04,MAT_03,158,4.03,636.74,6
2025-01-21 16:00:00,SUP03,MAT_01,741,3.52,2608.32,3
2025-01-25 20:00:00,SUP03,MAT_03,986,2.83,2790.38,2
2025-01-20 04:00:00,SUP06,MAT_04,365,3.88,1416.2,2
2025-01-20 17:00:00,SUP06,MAT_04,174,4.89,850.8599999999999,4
2025-01-29 12:00:00,SUP01,MAT_02,189,4.5,850.5,3
2025-02-14 04:00:00,SUP01,MAT_04,604,2.33,1407.32,3
2025-01-14 06:00:00,SUP03,MAT_04,456,2.07,943.92,6
2025-01-15 19:00:00,SUP06,MAT_01,253,3.5,885.5,0
2025-01-26 16:00:00,SUP01,MAT_01,999,4.33,4325.67,3
2025-01-10 12:00:00,SUP04,MAT_01,317,2.94,931.98,6
2025-01-31 08:00:00,SUP06,MAT_02,585,4.1,2398.5,5
2025-01-24 08:00:00,SUP02,MAT_02,639,4.8,3067.2,4
2025-01-27 10:00:00,SUP06,MAT_03,229,3.38,774.02,3
2025-01-20 02:00:00,SUP04,MAT_02,165,2.73,450.45,0
2025-01-02 00:00:00,SUP03,MAT_01,243,4.75,1154.25,2
2025-02-18 02:00:00,SUP05,MAT_02,479,3.42,1638.18,5
2025-01-16 09:00:00,SUP05,MAT_04,412,3.22,1326.64,3
2025-02-12 03:00:00,SUP03,MAT_02,506,3.06,1548.3600000000001,4
2025-01-26 10:00:00,SUP04,MAT_04,506,3.27,1654.6200000000001,3
2025-01-05 12:00:00,SUP01,MAT_03,376,4.02,1511.5199999999998,6
2025-01-30 23:00:00,SUP06,MAT_04,714,3.3,2356.2,1
2025-02-16 01:00:00,SUP06,MAT_01,508,2.97,1508.76,0
2025-01-18 23:00:00,SUP01,MAT_03,413,4.23,1746.9900000000002,2
2025-02-12 23:00:00,SUP05,MAT_03,648,2.61,1691.28,1
2025-01-27 11:00:00,SUP03,MAT_03,348,2.61,908.28,4
2025-02-18 20:00:00,SUP03,MAT_01,560,4.09,2290.4,3
2025-02-16 17:00:00,SUP02,MAT_04,498,4.6,2290.7999999999997,0
2025-02-16 20:00:00,SUP05,MAT_03,767,2.72,2086.2400000000002,5
2025-01-16 06:00:00,SUP03,MAT_01,550,2.57,1413.5,6
2025-02-08 12:00:00,SUP02,MAT_03,570,4.01,2285.7,6
2025-01-18 05:00:00,SUP01,MAT_03,743,3.86,2867.98,3
2025-01-15 19:00:00,SUP05,MAT_01,658,3.34,2197.72,3
2025-01-01 10:00:00,SUP05,MAT_02,533,2.29,1220.57,3
2025-02-17 17:00:00,SUP03,MAT_03,545,2.28,1242.6,5
2025-01-03 16:00:00,SUP03,MAT_02,806,4.33,3489.98,3
2025-01-06 04:00:00,SUP04,MAT_03,202,3.36,678.72,0
2025-01-13 23:00:00,SUP01,MAT_02,427,4.57,1951.39,5
2025-02-02 06:00:00,SUP01,MAT_04,782,3.72,2909.04,5
2025-02-11 17:00:00,SUP06,MAT_02,700,3.86,2702.0,1
2025-02-06 08:00:00,SUP02,MAT_02,345,4.8,1656.0,4
2025-01-29 21:00:00,SUP02,MAT_02,157,2.49,390.93,5
2025-02-19 06:00:00,SUP04,MAT_02,204,3.63,740.52,1
2025-02-11 05:00:00,SUP06,MAT_04,791,2.17,1716.47,0
2025-02-03 06:00:00,SUP01,MAT_01,168,3.08,517.44,4
2025-01-29 01:00:00,SUP02,MAT_02,401,2.44,978.4399999999999,5
2025-02-07 23:00:00,SUP01,MAT_01,252,2.56,645.12,2
2025-01-17 21:00:00,SUP01,MAT_03,636,4.8,3052.7999999999997,1
2025-02-11 11:00:00,SUP06,MAT_01,988,3.83,3784.04,0
2025-02-13 08:00:00,SUP02,MAT_02,134,4.68,627.12,0
2025-01-27 12:00:00,SUP03,MAT_01,114,3.33,379.62,0
2025-02-07 01:00:00,SUP03,MAT_04,205,3.79,776.95,6
2025-01-21 08:00:00,SUP06,MAT_04,829,2.1,1740.9,4
2025-01-10 22:00:00,SUP02,MAT_02,995,3.41,3392.9500000000003,3
2025-01-08 11:00:00,SUP04,MAT_01,173,3.69,638.37,2
2025-02-18 14:00:00,SUP05,MAT_03,955,2.05,1957.7499999999998,4
2025-01-14 04:00:00,SUP06,MAT_04,384,4.37,1678.08,4
2025-01-10 15:00:00,SUP01,MAT_02,649,2.89,1875.6100000000001,5
2025-01-14 18:00:00,SUP06,MAT_04,296,3.36,994.56,6
2025-01-24 08:00:00,SUP05,MAT_02,379,3.61,1368.19,1
2025-02-09 12:00:00,SUP06,MAT_01,886,4.98,4412.280000000001,2
2025-01-11 07:00:00,SUP02,MAT_01,785,2.3,1805.4999999999998,0
2025-01-12 18:00:00,SUP01,MAT_01,916,3.67,3361.72,4
2025-02-09 03:00:00,SUP05,MAT_01,655,3.59,2351.45,2
2025-01-02 07:00:00,SUP03,MAT_01,765,2.21,1690.6499999999999,1
2025-01-23 01:00:00,SUP04,MAT_02,252,3.9,982.8,3
2025-01-16 20:00:00,SUP06,MAT_04,390,2.86,1115.3999999999999,2
2025-01-03 14:00:00,SUP06,MAT_03,241,2.31,556.71,6
2025-01-06 07:00:00,SUP05,MAT_04,867,2.54,2202.18,6
2025-01-07 18:00:00,SUP04,MAT_01,411,4.47,1837.1699999999998,0
2025-02-09 21:00:00,SUP06,MAT_04,745,2.31,1720.95,6
2025-01-13 06:00:00,SUP03,MAT_04,131,3.4,445.4,4
2025-01-08 10:00:00,SUP05,MAT_02,125,2.59,323.75,3
2025-01-10 12:00:00,SUP02,MAT_03,354,2.49,881.46,1
2025-02-06 18:00:00,SUP01,MAT_03,834,2.62,2185.08,0
2025-01-17 09:00:00,SUP03,MAT_01,155,3.48,539.4,3
2025-01-29 19:00:00,SUP04,MAT_02,392,2.71,1062.32,5
2025-01-03 23:00:00,SUP04,MAT_02,736,2.29,1685.44,5
2025-01-14 05:00:00,SUP03,MAT_02,329,4.4,1447.6000000000001,1
2025-01-25 18:00:00,SUP02,MAT_02,152,3.62,550.24,0
2025-01-16 18:00:00,SUP06,MAT_02,200,2.47,494.00000000000006,6
2025-02-07 18:00:00,SUP02,MAT_03,566,3.41,1930.0600000000002,4
